file,symbology,barcode,status
IMG_0001.HEIC,EAN13,4006396102676,ok
IMG_0003.HEIC,EAN13,4006396067449,ok
IMG_0005.HEIC,EAN13,4006396050311,ok
IMG_0002.HEIC,,,not_found
IMG_0004.HEIC,,,not_found
IMG_0007.HEIC,EAN13,4006396102560,ok
IMG_0009.HEIC,EAN8,48745932,ok
IMG_0006.HEIC,,,not_found
IMG_0011.HEIC,EAN8,48745925,ok
IMG_0008.HEIC,,,not_found
IMG_0010.HEIC,,,not_found
IMG_0013.HEIC,EAN8,48747226,ok
IMG_0015.HEIC,EAN8,48747226,ok
IMG_0012.HEIC,,,not_found
IMG_0014.HEIC,,,not_found
IMG_0019.HEIC,EAN8,48747363,ok
IMG_0017.HEIC,,,not_found
IMG_0018.HEIC,,,not_found
IMG_0021.HEIC,EAN8,48744119,ok
IMG_0023.HEIC,EAN8,48744935,ok
IMG_0020.HEIC,,,not_found
IMG_0022.HEIC,,,not_found
IMG_0025.HEIC,EAN8,48747752,ok
IMG_0024.HEIC,,,not_found
IMG_0027.HEIC,EAN8,48747745,ok
IMG_0026.HEIC,,,not_found
IMG_0028.HEIC,,,not_found
IMG_0031.HEIC,EAN13,7622202051104,ok
IMG_0029.HEIC,,,not_found
IMG_0030.HEIC,,,not_found
IMG_0035.HEIC,EAN8,48741224,ok
IMG_0032.HEIC,,,not_found
IMG_0033.HEIC,,,not_found
IMG_0034.HEIC,,,not_found
IMG_0039.HEIC,EAN8,48742757,ok
IMG_0036.HEIC,,,not_found
IMG_0037.HEIC,,,not_found
IMG_0041.HEIC,EAN8,48743570,ok
IMG_0038.HEIC,,,not_found
IMG_0043.HEIC,EAN8,48743570,ok
IMG_0040.HEIC,,,not_found
IMG_0045.HEIC,EAN8,48743587,ok
IMG_0042.HEIC,,,not_found
IMG_0044.HEIC,,,not_found
IMG_0047.HEIC,EAN8,48743587,ok
IMG_0049.HEIC,EAN8,48748667,ok
IMG_0046.HEIC,,,not_found
IMG_0051.HEIC,EAN8,48744539,ok
IMG_0048.HEIC,,,not_found
IMG_0050.HEIC,,,not_found
IMG_0052.HEIC,,,not_found
IMG_0053.HEIC,EAN8,48744546,ok
IMG_0055.HEIC,EAN8,48741415,ok
IMG_0054.HEIC,,,not_found
IMG_0059.HEIC,EAN8,48747257,ok
IMG_0057.HEIC,,,not_found
IMG_0056.HEIC,,,not_found
IMG_0058.HEIC,,,not_found
IMG_0061.HEIC,EAN8,48747912,ok
IMG_0063.HEIC,EAN8,48747905,ok
IMG_0060.HEIC,,,not_found
IMG_0065.HEIC,EAN8,48743280,ok
IMG_0062.HEIC,,,not_found
IMG_0067.HEIC,EAN8,48743839,ok
IMG_0064.HEIC,,,not_found
IMG_0066.HEIC,,,not_found
IMG_0069.HEIC,EAN8,48743273,ok
IMG_0068.HEIC,,,not_found
IMG_0073.HEIC,EAN13,4870249810984,ok
IMG_0071.HEIC,,,not_found
IMG_0070.HEIC,,,not_found
IMG_0075.HEIC,EAN8,48743532,ok
IMG_0072.HEIC,,,not_found
IMG_0077.HEIC,EAN8,48747295,ok
IMG_0074.HEIC,,,not_found
IMG_0076.HEIC,,,not_found
IMG_0081.HEIC,EAN13,4870240019256,ok
IMG_0078.HEIC,,,not_found
IMG_0079.HEIC,,,not_found
IMG_0080.HEIC,,,not_found
IMG_0083.HEIC,EAN13,4870240019225,ok
IMG_0085.HEIC,EAN8,48744324,ok
IMG_0082.HEIC,,,not_found
IMG_0084.HEIC,,,not_found
IMG_0086.HEIC,,,not_found
IMG_0089.HEIC,EAN8,48741606,ok
IMG_0087.HEIC,,,not_found
IMG_0088.HEIC,,,not_found
IMG_0093.HEIC,EAN8,48741958,ok
IMG_0090.HEIC,,,not_found
IMG_0091.HEIC,,,not_found
IMG_0092.HEIC,,,not_found
IMG_0095.HEIC,EAN8,48742245,ok
IMG_0094.HEIC,,,not_found
IMG_0097.HEIC,,,not_found
IMG_0096.HEIC,,,not_found
IMG_0099.HEIC,EAN13,4870002328886,ok
IMG_0098.HEIC,,,not_found
IMG_0101.HEIC,EAN13,4870031001118,ok
IMG_0103.HEIC,QRCode,https://tassay.ru/qr-water-kz,ok
IMG_0102.HEIC,EAN13,4870071000256,ok
IMG_0105.HEIC,EAN13,5011007015534,ok
IMG_0100.HEIC,,,not_found
IMG_0104.HEIC,,,not_found
IMG_0107.HEIC,EAN13,5011007003005,ok
IMG_0106.HEIC,,,not_found
IMG_0109.HEIC,EAN13,5011007003227,ok
IMG_0111.HEIC,DataMatrix,2B3B3134,ok
IMG_0108.HEIC,DataBar,80623257179006,ok
IMG_0110.HEIC,,,not_found
IMG_0115.HEIC,DataMatrix,2B3B6165,ok
IMG_0112.HEIC,,,not_found
IMG_0114.HEIC,,,not_found
IMG_0113.HEIC,,,not_found
IMG_0117.HEIC,EAN13,5010327903101,ok
IMG_0116.HEIC,,,not_found
IMG_0118.HEIC,,,not_found
IMG_0119.HEIC,,,not_found
IMG_0121.HEIC,EAN13,4067700014566,ok
IMG_0120.HEIC,,,not_found
IMG_0123.HEIC,EAN13,4067700014559,ok
IMG_0125.HEIC,EAN13,9300727453600,ok
IMG_0128.HEIC,EAN13,9300727406538,ok
IMG_0122.HEIC,,,not_found
IMG_0124.HEIC,,,not_found
IMG_0130.HEIC,DataMatrix,10049092,ok
IMG_0127.HEIC,,,not_found
IMG_0132.HEIC,DataMatrix,10040509,ok
IMG_0129.HEIC,,,not_found
IMG_0131.HEIC,,,not_found
IMG_0134.HEIC,EAN13,5099873089712,ok
IMG_0133.HEIC,,,not_found
IMG_0136.HEIC,EAN13,7312040017683,ok
IMG_0139.HEIC,EAN13,7312040017072,ok
IMG_0135.HEIC,,,not_found
IMG_0137.HEIC,,,not_found
IMG_0141.HEIC,EAN13,4620006990455,ok
IMG_0140.HEIC,,,not_found
IMG_0143.HEIC,EAN13,4620006990387,ok
IMG_0142.HEIC,,,not_found
IMG_0145.HEIC,EAN13,4600893900805,ok
IMG_0147.HEIC,EAN13,4607027550011,ok
IMG_0144.HEIC,,,not_found
IMG_0146.HEIC,,,not_found
IMG_0148.HEIC,,,not_found
IMG_0149.HEIC,EAN13,4600893903585,ok
IMG_0151.HEIC,EAN13,5010327946504,ok
IMG_0150.HEIC,,,not_found
IMG_7039(1).HEIC,EAN13,4870028000773,ok
IMG_7039.HEIC,EAN13,4870028000773,ok
IMG_7040(1).HEIC,EAN13,4870028000773,ok
IMG_7041(1).HEIC,QRCode,https://www.instagram.com/masterkonditertoo/,ok
IMG_7041.HEIC,QRCode,https://www.instagram.com/masterkonditertoo/,ok
IMG_7040.HEIC,EAN13,4870028000773,ok
IMG_7042(1).HEIC,EAN13,4870203571586,ok
IMG_7042.HEIC,EAN13,4870203571586,ok
IMG_7043(1).HEIC,EAN13,4870203571555,ok
IMG_7043.HEIC,EAN13,4870203571555,ok
IMG_7044(1).HEIC,EAN13,4870203571555,ok
IMG_7044.HEIC,EAN13,4870203571555,ok
IMG_7045(1).HEIC,EAN13,4870203571609,ok
IMG_7045.HEIC,EAN13,4870203571609,ok
IMG_7046(1).HEIC,EAN13,4870203571609,ok
IMG_7046.HEIC,EAN13,4870203571609,ok
IMG_7050(1).HEIC,QRCode,https://me-qr.com/BUHZJ8BF,ok
IMG_7050.HEIC,QRCode,https://me-qr.com/BUHZJ8BF,ok
IMG_7049(1).HEIC,,,not_found
IMG_7049.HEIC,,,not_found
IMG_7052(1).HEIC,EAN13,4620017455004,ok
IMG_7052.HEIC,EAN13,4620017455004,ok
IMG_7051(1).HEIC,,,not_found
IMG_7051.HEIC,,,not_found
IMG_7054(1).HEIC,EAN13,4870066008885,ok
IMG_7054.HEIC,EAN13,4870066008885,ok
IMG_7053.HEIC,,,not_found
IMG_7053(1).HEIC,,,not_found
IMG_7055(1).HEIC,,,not_found
IMG_7055.HEIC,,,not_found
IMG_7056(1).HEIC,,,not_found
IMG_7056.HEIC,,,not_found
IMG_7058.HEIC,EAN13,5201360523795,ok
IMG_7058(1).HEIC,EAN13,5201360523795,ok
IMG_7057(1).HEIC,,,not_found
IMG_7057.HEIC,,,not_found
IMG_7060(1).HEIC,EAN13,5201360543205,ok
IMG_7060.HEIC,EAN13,5201360543205,ok
IMG_7059.HEIC,,,not_found
IMG_7059(1).HEIC,,,not_found
IMG_7061(1).HEIC,EAN13,5201360543472,ok
IMG_7061.HEIC,EAN13,5201360543472,ok
IMG_7062(1).HEIC,EAN13,5201360543472,ok
IMG_7062.HEIC,EAN13,5201360543472,ok
IMG_7064(1).HEIC,EAN13,5201360571208,ok
IMG_7064.HEIC,EAN13,5201360571208,ok
IMG_7063(1).HEIC,,,not_found
IMG_7063.HEIC,,,not_found
IMG_7066(1).HEIC,EAN13,5201360571703,ok
IMG_7066.HEIC,EAN13,5201360571703,ok
IMG_7065(1).HEIC,,,not_found
IMG_7065.HEIC,,,not_found
IMG_7068(1).HEIC,EAN13,5201360521210,ok
IMG_7068.HEIC,EAN13,5201360521210,ok
IMG_7067(1).HEIC,,,not_found
IMG_7067.HEIC,,,not_found
IMG_7070(1).HEIC,EAN13,5201360523795,ok
IMG_7070.HEIC,EAN13,5201360523795,ok
IMG_7069.HEIC,,,not_found
IMG_7069(1).HEIC,,,not_found
IMG_7072(1).HEIC,EAN13,4870207570820,ok
IMG_7072.HEIC,EAN13,4870207570820,ok
IMG_7071(1).HEIC,,,not_found
IMG_7071.HEIC,,,not_found
IMG_7074(1).HEIC,EAN13,4870207570844,ok
IMG_7074.HEIC,EAN13,4870207570844,ok
IMG_7073.HEIC,,,not_found
IMG_7073(1).HEIC,,,not_found
IMG_7076(1).HEIC,EAN13,7860471650813,ok
IMG_7076.HEIC,EAN13,7860471650813,ok
IMG_7075(1).HEIC,,,not_found
IMG_7075.HEIC,,,not_found
IMG_7078(1).HEIC,EAN13,4860111650640,ok
IMG_7078.HEIC,EAN13,4860111650640,ok
IMG_7077(1).HEIC,,,not_found
IMG_7077.HEIC,,,not_found
IMG_7080(1).HEIC,EAN13,4605825006327,ok
IMG_7080.HEIC,EAN13,4605825006327,ok
IMG_7079(1).HEIC,,,not_found
IMG_7079.HEIC,,,not_found
IMG_7082.HEIC,EAN13,4605825006402,ok
IMG_7082(1).HEIC,EAN13,4605825006402,ok
IMG_7081(1).HEIC,,,not_found
IMG_7081.HEIC,,,not_found
IMG_7084(1).HEIC,EAN13,4870227272971,ok
IMG_7084.HEIC,EAN13,4870227272971,ok
IMG_7083(1).HEIC,,,not_found
IMG_7083.HEIC,,,not_found
IMG_7086(1).HEIC,EAN13,4870227272957,ok
IMG_7086.HEIC,EAN13,4870227272957,ok
IMG_7085(1).HEIC,,,not_found
IMG_7085.HEIC,,,not_found
IMG_7087(1).HEIC,EAN13,4870207570585,ok
IMG_7087.HEIC,EAN13,4870207570585,ok
IMG_7088(1).HEIC,EAN13,4870207570585,ok
IMG_7088.HEIC,EAN13,4870207570585,ok
IMG_7090(1).HEIC,EAN13,4870207570875,ok
IMG_7090.HEIC,EAN13,4870207570875,ok
IMG_7089(1).HEIC,,,not_found
IMG_7089.HEIC,,,not_found
IMG_7092(1).HEIC,EAN13,7870747570851,ok
IMG_7092.HEIC,EAN13,7870747570851,ok
IMG_7091(1).HEIC,,,not_found
IMG_7091.HEIC,,,not_found
IMG_7094(1).HEIC,EAN13,8270740476768,ok
IMG_7094.HEIC,EAN13,8270740476768,ok
IMG_7093(1).HEIC,,,not_found
IMG_7093.HEIC,,,not_found
IMG_7096(1).HEIC,EAN13,4870144474045,ok
IMG_7096.HEIC,EAN13,4870144474045,ok
IMG_7095(1).HEIC,EAN13,4870144474045,ok
IMG_7095.HEIC,EAN13,4870144474045,ok
IMG_7098(1).HEIC,EAN13,4870144474052,ok
IMG_7098.HEIC,EAN13,4870144474052,ok
IMG_7097(1).HEIC,,,not_found
IMG_7097.HEIC,,,not_found
IMG_7099(1).HEIC,,,not_found
IMG_7099.HEIC,,,not_found
IMG_7100(1).HEIC,EAN13,4870144473703,ok
IMG_7100.HEIC,EAN13,4870144473703,ok
IMG_7102(1).HEIC,EAN13,4870144475813,ok
IMG_7102.HEIC,EAN13,4870144475813,ok
IMG_7101(1).HEIC,,,not_found
IMG_7101.HEIC,,,not_found
IMG_7104(1).HEIC,EAN13,4870144476872,ok
IMG_7104.HEIC,EAN13,4870144476872,ok
IMG_7103(1).HEIC,,,not_found
IMG_7103.HEIC,,,not_found
IMG_7106(1).HEIC,EAN13,4870144474748,ok
IMG_7106.HEIC,EAN13,4870144474748,ok
IMG_7105(1).HEIC,EAN13,4870144474748,ok
IMG_7105.HEIC,EAN13,4870144474748,ok
IMG_7108(1).HEIC,EAN13,4870144476544,ok
IMG_7108.HEIC,EAN13,4870144476544,ok
IMG_7107(1).HEIC,,,not_found
IMG_7107.HEIC,,,not_found
IMG_7109(1).HEIC,,,not_found
IMG_7109.HEIC,,,not_found
IMG_7110(1).HEIC,EAN13,4870002329234,ok
IMG_7110.HEIC,EAN13,4870002329234,ok
IMG_7112(1).HEIC,EAN13,4870144475967,ok
IMG_7112.HEIC,EAN13,4870144475967,ok
IMG_7111(1).HEIC,,,not_found
IMG_7111.HEIC,,,not_found
IMG_7114(1).HEIC,EAN13,4870144476490,ok
IMG_7114.HEIC,EAN13,4870144476490,ok
IMG_7113(1).HEIC,,,not_found
IMG_7113.HEIC,,,not_found
IMG_7116(1).HEIC,EAN13,4870144475943,ok
IMG_7116.HEIC,EAN13,4870144475943,ok
IMG_7115(1).HEIC,DataBar,69701663680426,ok
IMG_7115.HEIC,DataBar,69701663680426,ok
IMG_7117(1).HEIC,DataBar,53834958205413,ok
IMG_7117.HEIC,DataBar,53834958205413,ok
IMG_7118(1).HEIC,EAN13,4870144476308,ok
IMG_7118.HEIC,EAN13,4870144476308,ok
IMG_7120(1).HEIC,EAN13,4870144475790,ok
IMG_7120.HEIC,EAN13,4870144475790,ok
IMG_7119(1).HEIC,,,not_found
IMG_7119.HEIC,,,not_found
IMG_7123(1).HEIC,EAN13,4605825003807,ok
IMG_7123.HEIC,EAN13,4605825003807,ok
IMG_7122(1).HEIC,,,not_found
IMG_7122.HEIC,,,not_found
IMG_7124(1).HEIC,,,not_found
IMG_7124.HEIC,,,not_found
IMG_7125(1).HEIC,EAN13,4604248005269,ok
IMG_7125.HEIC,EAN13,4604248005269,ok
IMG_7127(1).HEIC,EAN13,4870235040241,ok
IMG_7127.HEIC,EAN13,4870235040241,ok
IMG_7126(1).HEIC,,,not_found
IMG_7126.HEIC,,,not_found
IMG_7128(1).HEIC,,,not_found
IMG_7128.HEIC,,,not_found
IMG_7129(1).HEIC,EAN13,4605825003753,ok
IMG_7129.HEIC,EAN13,4605825003753,ok
IMG_7131(1).HEIC,EAN13,4870004933859,ok
IMG_7131.HEIC,EAN13,4870004933859,ok
IMG_7130(1).HEIC,,,not_found
IMG_7130.HEIC,,,not_found
IMG_7133(1).HEIC,EAN13,4870004933873,ok
IMG_7133.HEIC,EAN13,4870004933873,ok
IMG_7132(1).HEIC,,,not_found
IMG_7132.HEIC,,,not_found
IMG_7135(1).HEIC,EAN13,4604248019051,ok
IMG_7135.HEIC,EAN13,4604248019051,ok
IMG_7134(1).HEIC,,,not_found
IMG_7134.HEIC,,,not_found
IMG_7137(1).HEIC,EAN13,4870001901806,ok
IMG_7137.HEIC,EAN13,4870001901806,ok
IMG_7136(1).HEIC,,,not_found
IMG_7136.HEIC,,,not_found
IMG_7139(1).HEIC,EAN13,4607002995943,ok
IMG_7139.HEIC,EAN13,4607002995943,ok
IMG_7138(1).HEIC,,,not_found
IMG_7138.HEIC,,,not_found
IMG_7141.HEIC,EAN13,4607002999323,ok
IMG_7141(1).HEIC,EAN13,4607002999323,ok
IMG_7140(1).HEIC,,,not_found
IMG_7140.HEIC,,,not_found
IMG_7142.HEIC,,,not_found
IMG_7142(1).HEIC,,,not_found
IMG_7143(1).HEIC,,,not_found
IMG_7143.HEIC,,,not_found
IMG_7145(1).HEIC,EAN13,4630038371023,ok
IMG_7145.HEIC,EAN13,4630038371023,ok
IMG_7144.HEIC,,,not_found
IMG_7144(1).HEIC,,,not_found
IMG_7147(1).HEIC,EAN13,4607002995905,ok
IMG_7147.HEIC,EAN13,4607002995905,ok
IMG_7146(1).HEIC,,,not_found
IMG_7146.HEIC,,,not_found
IMG_7149(1).HEIC,EAN13,4607002990290,ok
IMG_7149.HEIC,EAN13,4607002990290,ok
IMG_7148.HEIC,,,not_found
IMG_7148(1).HEIC,,,not_found
IMG_7151(1).HEIC,EAN13,4607002999910,ok
IMG_7151.HEIC,EAN13,4607002999910,ok
IMG_7150(1).HEIC,,,not_found
IMG_7150.HEIC,,,not_found
IMG_7153(1).HEIC,EAN13,4607002999767,ok
IMG_7153.HEIC,EAN13,4607002999767,ok
IMG_7152(1).HEIC,,,not_found
IMG_7152.HEIC,,,not_found
IMG_7154(1).HEIC,,,not_found
IMG_7154.HEIC,,,not_found
IMG_7155(1).HEIC,,,not_found
IMG_7155.HEIC,,,not_found
IMG_7156(1).HEIC,,,not_found
IMG_7156.HEIC,,,not_found
IMG_7157(1).HEIC,,,not_found
IMG_7157.HEIC,,,not_found
IMG_7159(1).HEIC,EAN13,4607002999309,ok
IMG_7159.HEIC,EAN13,4607002999309,ok
IMG_7158(1).HEIC,,,not_found
IMG_7158.HEIC,,,not_found
IMG_7161(1).HEIC,EAN13,4870001905477,ok
IMG_7161.HEIC,EAN13,4870001905477,ok
IMG_7160(1).HEIC,,,not_found
IMG_7160.HEIC,,,not_found
IMG_7163(1).HEIC,EAN13,4870001901783,ok
IMG_7163.HEIC,EAN13,4870001901783,ok
IMG_7162(1).HEIC,,,not_found
IMG_7162.HEIC,,,not_found
IMG_7165(1).HEIC,EAN13,4870200193545,ok
IMG_7165.HEIC,EAN13,4870200193545,ok
IMG_7164(1).HEIC,,,not_found
IMG_7164.HEIC,,,not_found
IMG_7167(1).HEIC,EAN13,4870001900014,ok
IMG_7167.HEIC,EAN13,4870001900014,ok
IMG_7166(1).HEIC,,,not_found
IMG_7166.HEIC,,,not_found
IMG_7169(1).HEIC,EAN13,4870001906238,ok
IMG_7169.HEIC,EAN13,4870001906238,ok
IMG_7168(1).HEIC,,,not_found
IMG_7168.HEIC,,,not_found
IMG_7171(1).HEIC,EAN13,4670025500357,ok
IMG_7171.HEIC,EAN13,4670025500357,ok
IMG_7170(1).HEIC,,,not_found
IMG_7170.HEIC,,,not_found
IMG_7173(1).HEIC,EAN13,4870001901769,ok
IMG_7173.HEIC,EAN13,4870001901769,ok
IMG_7172.HEIC,,,not_found
IMG_7172(1).HEIC,,,not_found
IMG_7175(1).HEIC,EAN13,4870001902384,ok
IMG_7175.HEIC,EAN13,4870001902384,ok
IMG_7174(1).HEIC,,,not_found
IMG_7174.HEIC,,,not_found
IMG_7177(1).HEIC,EAN13,4870001901882,ok
IMG_7177.HEIC,EAN13,4870001901882,ok
IMG_7176(1).HEIC,,,not_found
IMG_7176.HEIC,,,not_found
IMG_7179(1).HEIC,EAN13,4870001901806,ok
IMG_7179.HEIC,EAN13,4870001901806,ok
IMG_7178(1).HEIC,,,not_found
IMG_7178.HEIC,,,not_found
IMG_7181(1).HEIC,EAN13,4870001902384,ok
IMG_7181.HEIC,EAN13,4870001902384,ok
IMG_7180(1).HEIC,,,not_found
IMG_7180.HEIC,,,not_found
IMG_7183(1).HEIC,EAN13,4870004930674,ok
IMG_7183.HEIC,EAN13,4870004930674,ok
IMG_7182(1).HEIC,,,not_found
IMG_7182.HEIC,,,not_found
IMG_7185(1).HEIC,EAN13,4870004933828,ok
IMG_7185.HEIC,EAN13,4870004933828,ok
IMG_7184(1).HEIC,,,not_found
IMG_7184.HEIC,,,not_found
IMG_7187(1).HEIC,EAN13,4870004930841,ok
IMG_7187.HEIC,EAN13,4870004930841,ok
IMG_7186(1).HEIC,,,not_found
IMG_7186.HEIC,,,not_found
IMG_7189(1).HEIC,EAN13,4870004931121,ok
IMG_7189.HEIC,EAN13,4870004931121,ok
IMG_7188(1).HEIC,,,not_found
IMG_7188.HEIC,,,not_found
IMG_7191(1).HEIC,EAN13,4870004930605,ok
IMG_7191.HEIC,EAN13,4870004930605,ok
IMG_7190(1).HEIC,,,not_found
IMG_7190.HEIC,,,not_found
IMG_7193(1).HEIC,EAN13,4870004930117,ok
IMG_7193.HEIC,EAN13,4870004930117,ok
IMG_7192(1).HEIC,,,not_found
IMG_7192.HEIC,,,not_found
IMG_7195(1).HEIC,EAN13,4870004930841,ok
IMG_7195.HEIC,EAN13,4870004930841,ok
IMG_7194(1).HEIC,,,not_found
IMG_7194.HEIC,,,not_found
IMG_7197(1).HEIC,EAN13,4870004930032,ok
IMG_7197.HEIC,EAN13,4870004930032,ok
IMG_7199(1).HEIC,EAN13,4870004931145,ok
IMG_7199.HEIC,EAN13,4870004931145,ok
IMG_7196(1).HEIC,,,not_found
IMG_7196.HEIC,,,not_found
IMG_7203(1).HEIC,EAN13,4870004936324,ok
IMG_7203.HEIC,EAN13,4870004936324,ok
IMG_7202(1).HEIC,,,not_found
IMG_7202.HEIC,,,not_found
IMG_7204(1).HEIC,,,not_found
IMG_7205(1).HEIC,EAN13,4870004931107,ok
IMG_7204.HEIC,,,not_found
IMG_7205.HEIC,EAN13,4870004931107,ok
IMG_7207(1).HEIC,EAN13,4870004933880,ok
IMG_7207.HEIC,EAN13,4870004933880,ok
IMG_7206.HEIC,,,not_found
IMG_7206(1).HEIC,,,not_found
IMG_7209(1).HEIC,EAN13,4870004933903,ok
IMG_7209.HEIC,EAN13,4870004933903,ok
IMG_7208(1).HEIC,,,not_found
IMG_7208.HEIC,,,not_found
IMG_7211.HEIC,EAN13,4870004930513,ok
IMG_7211(1).HEIC,EAN13,4870004930513,ok
IMG_7210.HEIC,,,not_found
IMG_7210(1).HEIC,,,not_found
IMG_7213(1).HEIC,EAN13,4870004930018,ok
IMG_7213.HEIC,EAN13,4870004930018,ok
IMG_7212.HEIC,,,not_found
IMG_7212(1).HEIC,,,not_found
IMG_7214(1).HEIC,EAN13,4870004936331,ok
IMG_7214.HEIC,EAN13,4870004936331,ok
IMG_7215(1).HEIC,,,not_found
IMG_7215.HEIC,,,not_found
IMG_7216(1).HEIC,,,not_found
IMG_7216.HEIC,,,not_found
IMG_7217(1).HEIC,EAN13,4870004931053,ok
IMG_7217.HEIC,EAN13,4870004931053,ok
IMG_7219(1).HEIC,EAN13,4870004932296,ok
IMG_7219.HEIC,EAN13,4870004932296,ok
IMG_7218(1).HEIC,,,not_found
IMG_7218.HEIC,,,not_found
IMG_7222(1).HEIC,EAN13,4007415005404,ok
IMG_7221(1).HEIC,,,not_found
IMG_7221.HEIC,,,not_found
IMG_7222.HEIC,EAN13,4007415005404,ok
IMG_7223(1).HEIC,,,not_found
IMG_7223.HEIC,,,not_found
IMG_7224.HEIC,,,not_found
IMG_7224(1).HEIC,,,not_found
IMG_7226(1).HEIC,EAN13,4870001548032,ok
IMG_7226.HEIC,EAN13,4870001548032,ok
IMG_7225(1).HEIC,,,not_found
IMG_7225.HEIC,,,not_found
IMG_7228(1).HEIC,,,not_found
IMG_7228.HEIC,,,not_found
IMG_7227(1).HEIC,,,not_found
IMG_7227.HEIC,,,not_found
IMG_7230(1).HEIC,EAN13,4008638213805,ok
IMG_7230.HEIC,EAN13,4008638213805,ok
IMG_7229(1).HEIC,,,not_found
IMG_7229.HEIC,,,not_found
IMG_7231(1).HEIC,,,not_found
IMG_7231.HEIC,,,not_found
IMG_7232(1).HEIC,,,not_found
IMG_7232.HEIC,,,not_found
IMG_7234(1).HEIC,EAN13,4870001545376,ok
IMG_7234.HEIC,EAN13,4870001545376,ok
IMG_7233(1).HEIC,,,not_found
IMG_7233.HEIC,,,not_found
IMG_7236(1).HEIC,EAN13,4007415005664,ok
IMG_7236.HEIC,EAN13,4007415005664,ok
IMG_7235(1).HEIC,,,not_found
IMG_7235.HEIC,,,not_found
IMG_7238(1).HEIC,EAN13,4607116769867,ok
IMG_7238.HEIC,EAN13,4607116769867,ok
IMG_7237(1).HEIC,,,not_found
IMG_7237.HEIC,,,not_found
IMG_7240(1).HEIC,EAN13,4607116769478,ok
IMG_7240.HEIC,EAN13,4607116769478,ok
IMG_7239(1).HEIC,,,not_found
IMG_7239.HEIC,,,not_found
IMG_7242(1).HEIC,EAN13,4607116769485,ok
IMG_7242.HEIC,EAN13,4607116769485,ok
IMG_7241(1).HEIC,,,not_found
IMG_7241.HEIC,,,not_found
IMG_7243(1).HEIC,,,not_found
IMG_7243.HEIC,,,not_found
IMG_7244(1).HEIC,,,not_found
IMG_7244.HEIC,,,not_found
IMG_7246(1).HEIC,EAN13,4607116769461,ok
IMG_7246.HEIC,EAN13,4607116769461,ok
IMG_7245(1).HEIC,,,not_found
IMG_7245.HEIC,,,not_found
IMG_7248(1).HEIC,EAN13,4660136781677,ok
IMG_7248.HEIC,EAN13,4660136781677,ok
IMG_7247(1).HEIC,,,not_found
IMG_7247.HEIC,,,not_found
IMG_7250(1).HEIC,EAN13,4660136780656,ok
IMG_7250.HEIC,EAN13,4660136780656,ok
IMG_7249(1).HEIC,,,not_found
IMG_7249.HEIC,,,not_found
IMG_7251(1).HEIC,,,not_found
IMG_7251.HEIC,,,not_found
IMG_7252(1).HEIC,,,not_found
IMG_7252.HEIC,,,not_found
IMG_7254(1).HEIC,EAN13,4870001546281,ok
IMG_7253(1).HEIC,,,not_found
IMG_7254.HEIC,EAN13,4870001546281,ok
IMG_7253.HEIC,,,not_found
IMG_7256(1).HEIC,EAN13,8437004811103,ok
IMG_7256.HEIC,EAN13,8437004811103,ok
IMG_7255(1).HEIC,,,not_found
IMG_7255.HEIC,,,not_found
IMG_7258(1).HEIC,EAN13,4660136780649,ok
IMG_7258.HEIC,EAN13,4660136780649,ok
IMG_7257(1).HEIC,,,not_found
IMG_7257.HEIC,,,not_found
IMG_7260(1).HEIC,EAN13,4660136781264,ok
IMG_7260.HEIC,EAN13,4660136781264,ok
IMG_7259(1).HEIC,,,not_found
IMG_7259.HEIC,,,not_found
IMG_7262(1).HEIC,EAN13,4630035912816,ok
IMG_7262.HEIC,EAN13,4630035912816,ok
IMG_7261(1).HEIC,,,not_found
IMG_7261.HEIC,,,not_found
IMG_7265(1).HEIC,EAN13,4660136780762,ok
IMG_7265.HEIC,EAN13,4660136780762,ok
IMG_7263(1).HEIC,,,not_found
IMG_7263.HEIC,,,not_found
IMG_7267(1).HEIC,EAN13,4660136781868,ok
IMG_7267.HEIC,EAN13,4660136781868,ok
IMG_7266(1).HEIC,,,not_found
IMG_7266.HEIC,,,not_found
IMG_7269(1).HEIC,EAN13,4810389005598,ok
IMG_7269.HEIC,EAN13,4810389005598,ok
IMG_7268(1).HEIC,,,not_found
IMG_7268.HEIC,,,not_found
IMG_7270(1).HEIC,,,not_found
IMG_7270.HEIC,,,not_found
IMG_7271(1).HEIC,,,not_found
IMG_7271.HEIC,,,not_found
IMG_7273(1).HEIC,EAN13,4810389003372,ok
IMG_7273.HEIC,EAN13,4810389003372,ok
IMG_7272(1).HEIC,,,not_found
IMG_7272.HEIC,,,not_found
IMG_7276(1).HEIC,EAN13,8594001692989,ok
IMG_7276.HEIC,EAN13,8594001692989,ok
IMG_7277(1).HEIC,EAN13,8594001692989,ok
IMG_7277.HEIC,EAN13,8594001692989,ok
IMG_7278(1).HEIC,EAN13,8594001692996,ok
IMG_7278.HEIC,EAN13,8594001692996,ok
IMG_7279(1).HEIC,EAN13,8594001692996,ok
IMG_7279.HEIC,EAN13,8594001692996,ok
IMG_7280(1).HEIC,EAN13,8594001693030,ok
IMG_7280.HEIC,EAN13,8594001693030,ok
IMG_7281(1).HEIC,EAN13,8594001693030,ok
IMG_7281.HEIC,EAN13,8594001693030,ok
IMG_7282(1).HEIC,EAN13,8594001693009,ok
IMG_7282.HEIC,EAN13,8594001693009,ok
IMG_7283(1).HEIC,EAN13,8594001693009,ok
IMG_7283.HEIC,EAN13,8594001693009,ok
IMG_7284(1).HEIC,EAN13,8594001695171,ok
IMG_7285(1).HEIC,EAN13,8594001695171,ok
IMG_7285.HEIC,EAN13,8594001695171,ok
IMG_7284.HEIC,EAN13,8594001695171,ok
IMG_7286(1).HEIC,EAN13,8594001693047,ok
IMG_7286.HEIC,EAN13,8594001693047,ok
IMG_7287(1).HEIC,EAN13,8594001693047,ok
IMG_7287.HEIC,EAN13,8594001693047,ok
IMG_7289(1).HEIC,EAN13,4610000620090,ok
IMG_7289.HEIC,EAN13,4610000620090,ok
IMG_7288.HEIC,,,not_found
IMG_7288(1).HEIC,,,not_found
IMG_7290(1).HEIC,,,not_found
IMG_7291(1).HEIC,EAN13,4751007731386,ok
IMG_7290.HEIC,,,not_found
IMG_7291.HEIC,EAN13,4751007731386,ok
IMG_7293.HEIC,EAN13,4605463008981,ok
IMG_7293(1).HEIC,EAN13,4605463008981,ok
IMG_7292(1).HEIC,,,not_found
IMG_7292.HEIC,,,not_found
IMG_7295(1).HEIC,EAN13,4680009032194,ok
IMG_7294(1).HEIC,,,not_found
IMG_7294.HEIC,,,not_found
IMG_7295.HEIC,EAN13,4680009032194,ok
IMG_7297(1).HEIC,EAN13,4870205752068,ok
IMG_7297.HEIC,EAN13,4870205752068,ok
IMG_7296.HEIC,,,not_found
IMG_7296(1).HEIC,,,not_found
IMG_7299(1).HEIC,EAN13,4870205751818,ok
IMG_7299.HEIC,EAN13,4870205751818,ok
IMG_7298(1).HEIC,,,not_found
IMG_7298.HEIC,,,not_found
IMG_7301(1).HEIC,EAN13,4605463002033,ok
IMG_7301.HEIC,EAN13,4605463002033,ok
IMG_7300(1).HEIC,,,not_found
IMG_7300.HEIC,,,not_found
IMG_7303(1).HEIC,EAN13,4870205752341,ok
IMG_7303.HEIC,EAN13,4870205752341,ok
IMG_7302(1).HEIC,,,not_found
IMG_7302.HEIC,,,not_found
IMG_7305(1).HEIC,EAN13,4605463003122,ok
IMG_7305.HEIC,EAN13,4605463003122,ok
IMG_7304.HEIC,,,not_found
IMG_7304(1).HEIC,,,not_found
IMG_7307(1).HEIC,EAN13,4610000620090,ok
IMG_7307.HEIC,EAN13,4610000620090,ok
IMG_7306(1).HEIC,,,not_found
IMG_7306.HEIC,,,not_found
IMG_7309(1).HEIC,EAN13,4605463003122,ok
IMG_7309.HEIC,EAN13,4605463003122,ok
IMG_7308(1).HEIC,,,not_found
IMG_7308.HEIC,,,not_found
IMG_7310(1).HEIC,,,not_found
IMG_7311(1).HEIC,EAN13,4607043163615,ok
IMG_7311.HEIC,EAN13,4607043163615,ok
IMG_7310.HEIC,,,not_found
IMG_7313(1).HEIC,EAN13,4610000620090,ok
IMG_7313.HEIC,EAN13,4610000620090,ok
IMG_7312(1).HEIC,,,not_found
IMG_7312.HEIC,,,not_found
IMG_7315(1).HEIC,EAN13,4870004932142,ok
IMG_7315.HEIC,EAN13,4870004932142,ok
IMG_7314(1).HEIC,,,not_found
IMG_7314.HEIC,,,not_found
IMG_7317(1).HEIC,EAN13,4610000620090,ok
IMG_7317.HEIC,EAN13,4610000620090,ok
IMG_7316(1).HEIC,,,not_found
IMG_7316.HEIC,,,not_found
IMG_7319(1).HEIC,EAN13,4870004930285,ok
IMG_7319.HEIC,EAN13,4870004930285,ok
IMG_7318(1).HEIC,,,not_found
IMG_7318.HEIC,,,not_found
IMG_7321(1).HEIC,EAN13,4751007730068,ok
IMG_7321.HEIC,EAN13,4751007730068,ok
IMG_7320(1).HEIC,,,not_found
IMG_7320.HEIC,,,not_found
IMG_7325(1).HEIC,EAN13,4870004930056,ok
IMG_7325.HEIC,EAN13,4870004930056,ok
IMG_7324(1).HEIC,,,not_found
IMG_7324.HEIC,,,not_found
IMG_7327(1).HEIC,EAN13,4870004930063,ok
IMG_7327.HEIC,EAN13,4870004930063,ok
IMG_7326(1).HEIC,,,not_found
IMG_7326.HEIC,,,not_found
IMG_7329(1).HEIC,EAN13,4870004931893,ok
IMG_7329.HEIC,EAN13,4870004931893,ok
IMG_7328(1).HEIC,,,not_found
IMG_7328.HEIC,,,not_found
IMG_7331.HEIC,EAN13,4870004931978,ok
IMG_7331(1).HEIC,EAN13,4870004931978,ok
IMG_7330(1).HEIC,,,not_found
IMG_7330.HEIC,,,not_found
IMG_7333(1).HEIC,EAN13,4870004931879,ok
IMG_7333.HEIC,EAN13,4870004931879,ok
IMG_7332(1).HEIC,,,not_found
IMG_7332.HEIC,,,not_found
IMG_7335(1).HEIC,EAN13,4605463003146,ok
IMG_7335.HEIC,EAN13,4605463003146,ok
IMG_7334(1).HEIC,,,not_found
IMG_7334.HEIC,,,not_found
IMG_7336(1).HEIC,,,not_found
IMG_7336.HEIC,,,not_found
IMG_7337(1).HEIC,,,not_found
IMG_7337.HEIC,,,not_found
IMG_7339(1).HEIC,EAN13,4607116767030,ok
IMG_7339.HEIC,EAN13,4607116767030,ok
IMG_7338(1).HEIC,,,not_found
IMG_7338.HEIC,,,not_found
IMG_7341(1).HEIC,EAN13,8410179002651,ok
IMG_7341.HEIC,EAN13,8410179002651,ok
IMG_7340(1).HEIC,,,not_found
IMG_7340.HEIC,,,not_found
IMG_7343(1).HEIC,EAN13,4607043162090,ok
IMG_7343.HEIC,EAN13,4607043162090,ok
IMG_7342(1).HEIC,,,not_found
IMG_7342.HEIC,,,not_found
IMG_7345(1).HEIC,EAN13,4751007730891,ok
IMG_7345.HEIC,EAN13,4751007730891,ok
IMG_7344(1).HEIC,,,not_found
IMG_7344.HEIC,,,not_found
IMG_7347(1).HEIC,QRCode,www.kaija.lv,ok
IMG_7347.HEIC,QRCode,www.kaija.lv,ok
IMG_7346(1).HEIC,,,not_found
IMG_7346.HEIC,,,not_found
IMG_7348(1).HEIC,EAN13,4870205752099,ok
IMG_7348.HEIC,EAN13,4870205752099,ok
IMG_7349(1).HEIC,EAN13,4870205752099,ok
IMG_7349.HEIC,EAN13,4870205752099,ok
IMG_7350(1).HEIC,EAN13,4870205752167,ok
IMG_7350.HEIC,EAN13,4870205752167,ok
IMG_7351(1).HEIC,EAN13,4870205752167,ok
IMG_7351.HEIC,EAN13,4870205752167,ok
IMG_7353(1).HEIC,EAN13,4605463002453,ok
IMG_7353.HEIC,EAN13,4605463002453,ok
IMG_7352(1).HEIC,,,not_found
IMG_7354(1).HEIC,EAN13,4870205752082,ok
IMG_7352.HEIC,,,not_found
IMG_7354.HEIC,EAN13,4870205752082,ok
IMG_7355(1).HEIC,EAN13,4870205752082,ok
IMG_7355.HEIC,EAN13,4870205752082,ok
IMG_7358(1).HEIC,EAN13,4870001546137,ok
IMG_7358.HEIC,EAN13,4870001546137,ok
IMG_7357(1).HEIC,,,not_found
IMG_7357.HEIC,,,not_found
IMG_7360(1).HEIC,EAN13,4870001547585,ok
IMG_7360.HEIC,EAN13,4870001547585,ok
IMG_7359(1).HEIC,,,not_found
IMG_7359.HEIC,,,not_found
IMG_7362(1).HEIC,EAN13,4606530474791,ok
IMG_7362.HEIC,EAN13,4606530474791,ok
IMG_7361(1).HEIC,,,not_found
IMG_7361.HEIC,,,not_found
IMG_7364(1).HEIC,EAN13,4870001545390,ok
IMG_7364.HEIC,EAN13,4870001545390,ok
IMG_7363(1).HEIC,,,not_found
IMG_7363.HEIC,,,not_found
IMG_7366(1).HEIC,EAN13,4870001547592,ok
IMG_7366.HEIC,EAN13,4870001547592,ok
IMG_7365(1).HEIC,,,not_found
IMG_7367(1).HEIC,QRCode,https://hrutka.ru/m8,ok
IMG_7367.HEIC,QRCode,https://hrutka.ru/m8,ok
IMG_7365.HEIC,,,not_found
IMG_7368(1).HEIC,EAN13,4606272023752,ok
IMG_7368.HEIC,EAN13,4606272023752,ok
IMG_7370(1).HEIC,EAN13,4600680025582,ok
IMG_7370.HEIC,EAN13,4600680025582,ok
IMG_7369(1).HEIC,,,not_found
IMG_7369.HEIC,,,not_found
IMG_7372(1).HEIC,EAN13,4600680025551,ok
IMG_7372.HEIC,EAN13,4600680025551,ok
IMG_7371(1).HEIC,,,not_found
IMG_7371.HEIC,,,not_found
IMG_7373(1).HEIC,QRCode,https://hrutka.ru/m2,ok
IMG_7373.HEIC,QRCode,https://hrutka.ru/m2,ok
IMG_7374(1).HEIC,DataMatrix,49500335,ok
IMG_7374.HEIC,DataMatrix,49500335,ok
IMG_7376(1).HEIC,EAN13,4600680025575,ok
IMG_7376.HEIC,EAN13,4600680025575,ok
IMG_7375(1).HEIC,,,not_found
IMG_7375.HEIC,,,not_found
IMG_7378(1).HEIC,EAN13,5900020031723,ok
IMG_7378.HEIC,EAN13,5900020031723,ok
IMG_7377.HEIC,,,not_found
IMG_7377(1).HEIC,,,not_found
IMG_7380(1).HEIC,EAN13,5900020013491,ok
IMG_7380.HEIC,EAN13,5900020013491,ok
IMG_7379(1).HEIC,,,not_found
IMG_7379.HEIC,,,not_found
IMG_7382(1).HEIC,DataMatrix,44349783,ok
IMG_7382.HEIC,DataMatrix,44349783,ok
IMG_7381(1).HEIC,,,not_found
IMG_7381.HEIC,,,not_found
IMG_7384(1).HEIC,DataMatrix,44315380,ok
IMG_7384.HEIC,DataMatrix,44315380,ok
IMG_7383(1).HEIC,,,not_found
IMG_7383.HEIC,,,not_found
IMG_7386(1).HEIC,EAN13,4606272023776,ok
IMG_7386.HEIC,EAN13,4606272023776,ok
IMG_7385(1).HEIC,,,not_found
IMG_7385.HEIC,,,not_found
IMG_7388(1).HEIC,DataMatrix,44311769,ok
IMG_7388.HEIC,DataMatrix,44311769,ok
IMG_7390.HEIC,EAN13,4870212480220,ok
IMG_7387.HEIC,,,not_found
IMG_7389.HEIC,,,not_found
IMG_7391.HEIC,,,not_found
IMG_7394.HEIC,EAN13,4640001890031,ok
IMG_7392.HEIC,,,not_found
IMG_7393.HEIC,,,not_found
IMG_7396.HEIC,EAN13,4870006487572,ok
IMG_7398.HEIC,EAN13,4607005090812,ok
IMG_7395(1).HEIC,,,not_found
IMG_7395.HEIC,,,not_found
IMG_7397.HEIC,,,not_found
IMG_7400.HEIC,EAN13,4870006489101,ok
IMG_7399(1).HEIC,,,not_found
IMG_7399.HEIC,,,not_found
IMG_7402.HEIC,EAN13,4607116767641,ok
IMG_7401(1).HEIC,,,not_found
IMG_7401.HEIC,,,not_found
IMG_7404.HEIC,EAN13,4781006000725,ok
IMG_7406.HEIC,EAN13,4781006000763,ok
IMG_7403(1).HEIC,,,not_found
IMG_7403.HEIC,,,not_found
IMG_7405.HEIC,,,not_found
IMG_7408(1).HEIC,EAN13,4607116767641,ok
IMG_7408.HEIC,EAN13,4607116767641,ok
IMG_7407(1).HEIC,,,not_found
IMG_7407.HEIC,,,not_found
IMG_7410(1).HEIC,EAN13,4670025505086,ok
IMG_7410.HEIC,EAN13,4670025505086,ok
IMG_7409(1).HEIC,,,not_found
IMG_7409.HEIC,,,not_found
IMG_7412(1).HEIC,EAN13,4607116761908,ok
IMG_7412.HEIC,EAN13,4607116761908,ok
IMG_7411(1).HEIC,,,not_found
IMG_7411.HEIC,,,not_found
IMG_7413(1).HEIC,,,not_found
IMG_7414(1).HEIC,EAN13,7607726761982,ok
IMG_7414.HEIC,EAN13,7607726761982,ok
IMG_7413.HEIC,,,not_found
IMG_7416(1).HEIC,EAN13,4607116761885,ok
IMG_7416.HEIC,EAN13,4607116761885,ok
IMG_7415(1).HEIC,,,not_found
IMG_7415.HEIC,,,not_found
IMG_7417(1).HEIC,DataBar,35787515907173,ok
IMG_7418(1).HEIC,EAN13,4870035001152,ok
IMG_7418.HEIC,EAN13,4870035001152,ok
IMG_7417.HEIC,DataBar,35787515907173,ok
IMG_7420(1).HEIC,EAN13,4680001221442,ok
IMG_7420.HEIC,EAN13,4680001221442,ok
IMG_7419(1).HEIC,DataBar,23621033493358,ok
IMG_7419.HEIC,DataBar,23621033493358,ok
IMG_7422(1).HEIC,EAN13,4607083550482,ok
IMG_7422.HEIC,EAN13,4607083550482,ok
IMG_7421(1).HEIC,DataBar,29841174002927,ok
IMG_7421.HEIC,DataBar,29841174002927,ok
IMG_7424(1).HEIC,EAN13,4870001224714,ok
IMG_7424.HEIC,EAN13,4870001224714,ok
IMG_7423(1).HEIC,,,not_found
IMG_7423.HEIC,,,not_found
IMG_7426(1).HEIC,EAN13,4870001224639,ok
IMG_7425(1).HEIC,,,not_found
IMG_7426.HEIC,EAN13,4870001224639,ok
IMG_7425.HEIC,,,not_found
IMG_7428(1).HEIC,EAN13,4601780007706,ok
IMG_7428.HEIC,EAN13,4601780007706,ok
IMG_7427(1).HEIC,,,not_found
IMG_7427.HEIC,,,not_found
IMG_7430(1).HEIC,EAN13,4870003711007,ok
IMG_7430.HEIC,EAN13,4870003711007,ok
IMG_7429(1).HEIC,,,not_found
IMG_7429.HEIC,,,not_found
IMG_7432(1).HEIC,EAN13,4870006610789,ok
IMG_7432.HEIC,EAN13,4870006610789,ok
IMG_7431(1).HEIC,,,not_found
IMG_7431.HEIC,,,not_found
IMG_7434(1).HEIC,EAN13,4870001224677,ok
IMG_7434.HEIC,EAN13,4870001224677,ok
IMG_7433(1).HEIC,,,not_found
IMG_7433.HEIC,,,not_found
IMG_7436(1).HEIC,EAN13,8076809583572,ok
IMG_7436.HEIC,EAN13,8076809583572,ok
IMG_7435(1).HEIC,,,not_found
IMG_7435.HEIC,,,not_found
IMG_7440(1).HEIC,EAN13,8076809576093,ok
IMG_7440.HEIC,EAN13,8076809576093,ok
IMG_7439(1).HEIC,,,not_found
IMG_7439.HEIC,,,not_found
IMG_7442(1).HEIC,EAN13,8076809575980,ok
IMG_7442.HEIC,EAN13,8076809575980,ok
IMG_7441(1).HEIC,,,not_found
IMG_7441.HEIC,,,not_found
IMG_7444(1).HEIC,EAN13,8076809576086,ok
IMG_7444.HEIC,EAN13,8076809576086,ok
IMG_7443(1).HEIC,,,not_found
IMG_7443.HEIC,,,not_found
IMG_7446(1).HEIC,EAN13,8076809575973,ok
IMG_7446.HEIC,EAN13,8076809575973,ok
IMG_7445(1).HEIC,,,not_found
IMG_7445.HEIC,,,not_found
IMG_7448(1).HEIC,EAN13,8076809576079,ok
IMG_7448.HEIC,EAN13,8076809576079,ok
IMG_7447(1).HEIC,,,not_found
IMG_7447.HEIC,,,not_found
IMG_7450(1).HEIC,EAN13,8076809575966,ok
IMG_7450.HEIC,EAN13,8076809575966,ok
IMG_7449(1).HEIC,,,not_found
IMG_7449.HEIC,,,not_found
IMG_7452(1).HEIC,EAN13,8076809576000,ok
IMG_7452.HEIC,EAN13,8076809576000,ok
IMG_7451(1).HEIC,,,not_found
IMG_7451.HEIC,,,not_found
IMG_7454(1).HEIC,EAN13,8076809576130,ok
IMG_7454.HEIC,EAN13,8076809576130,ok
IMG_7453(1).HEIC,,,not_found
IMG_7453.HEIC,,,not_found
IMG_7456(1).HEIC,EAN13,4870006610321,ok
IMG_7456.HEIC,EAN13,4870006610321,ok
IMG_7455(1).HEIC,,,not_found
IMG_7455.HEIC,,,not_found
IMG_7458(1).HEIC,EAN13,4870006612196,ok
IMG_7457(1).HEIC,,,not_found
IMG_7458.HEIC,EAN13,4870006612196,ok
IMG_7457.HEIC,,,not_found
IMG_7460(1).HEIC,EAN13,4870006612202,ok
IMG_7460.HEIC,EAN13,4870006612202,ok
IMG_7459(1).HEIC,,,not_found
IMG_7459.HEIC,,,not_found
IMG_7462(1).HEIC,EAN13,4870006610338,ok
IMG_7462.HEIC,EAN13,4870006610338,ok
IMG_7461(1).HEIC,,,not_found
IMG_7461.HEIC,,,not_found
IMG_7464(1).HEIC,EAN13,4870006612127,ok
IMG_7464.HEIC,EAN13,4870006612127,ok
IMG_7463(1).HEIC,,,not_found
IMG_7463.HEIC,,,not_found
IMG_7466(1).HEIC,EAN13,4870006610284,ok
IMG_7465(1).HEIC,,,not_found
IMG_7466.HEIC,EAN13,4870006610284,ok
IMG_7465.HEIC,,,not_found
IMG_7468(1).HEIC,EAN13,4870003180100,ok
IMG_7468.HEIC,EAN13,4870003180100,ok
IMG_7467(1).HEIC,,,not_found
IMG_7467.HEIC,,,not_found
IMG_7470(1).HEIC,EAN13,4870003180117,ok
IMG_7470.HEIC,EAN13,4870003180117,ok
IMG_7469(1).HEIC,,,not_found
IMG_7469.HEIC,,,not_found
IMG_7472(1).HEIC,EAN13,4870003180360,ok
IMG_7472.HEIC,EAN13,4870003180360,ok
IMG_7471(1).HEIC,,,not_found
IMG_7471.HEIC,,,not_found
IMG_7474(1).HEIC,EAN13,4870003180056,ok
IMG_7474.HEIC,EAN13,4870003180056,ok
IMG_7473(1).HEIC,,,not_found
IMG_7473.HEIC,,,not_found
IMG_7476.HEIC,EAN13,4870003181145,ok
IMG_7475(1).HEIC,,,not_found
IMG_7475.HEIC,,,not_found
IMG_7477(1).HEIC,,,not_found
IMG_7477.HEIC,,,not_found
IMG_7478(1).HEIC,EAN13,4870003180353,ok
IMG_7478.HEIC,EAN13,4870003180353,ok
IMG_7480.HEIC,EAN13,4870003180353,ok
IMG_7479.HEIC,,,not_found
IMG_7481(1).HEIC,,,not_found
IMG_7481.HEIC,,,not_found
IMG_7482.HEIC,,,not_found
IMG_7484.HEIC,EAN13,4870003180025,ok
IMG_7483.HEIC,,,not_found
IMG_7486(1).HEIC,EAN13,4870003165152,ok
IMG_7486.HEIC,EAN13,4870003165152,ok
IMG_7485.HEIC,,,not_found
IMG_7488(1).HEIC,EAN13,4870003180063,ok
IMG_7488.HEIC,EAN13,4870003180063,ok
IMG_7487(1).HEIC,,,not_found
IMG_7487.HEIC,,,not_found
IMG_7490(1).HEIC,EAN13,4870005840361,ok
IMG_7490.HEIC,EAN13,4870005840361,ok
IMG_7489(1).HEIC,,,not_found
IMG_7489.HEIC,,,not_found
IMG_7492(1).HEIC,EAN13,4870001223427,ok
IMG_7492.HEIC,EAN13,4870001223427,ok
IMG_7491(1).HEIC,,,not_found
IMG_7491.HEIC,,,not_found
IMG_7494(1).HEIC,EAN13,4870005840361,ok
IMG_7494.HEIC,EAN13,4870005840361,ok
IMG_7493(1).HEIC,,,not_found
IMG_7493.HEIC,,,not_found
IMG_7496(1).HEIC,EAN13,4870005840392,ok
IMG_7496.HEIC,EAN13,4870005840392,ok
IMG_7495(1).HEIC,,,not_found
IMG_7495.HEIC,,,not_found
IMG_7498(1).HEIC,EAN13,4870006617436,ok
IMG_7498.HEIC,EAN13,4870006617436,ok
IMG_7497(1).HEIC,,,not_found
IMG_7497.HEIC,,,not_found
IMG_7500(1).HEIC,EAN13,4870006617023,ok
IMG_7500.HEIC,EAN13,4870006617023,ok
IMG_7499(1).HEIC,,,not_found
IMG_7499.HEIC,,,not_found
IMG_7502(1).HEIC,EAN13,4870006616934,ok
IMG_7502.HEIC,EAN13,4870006616934,ok
IMG_7501(1).HEIC,,,not_found
IMG_7501.HEIC,,,not_found
IMG_7504(1).HEIC,EAN13,4870006616880,ok
IMG_7504.HEIC,EAN13,4870006616880,ok
IMG_7503(1).HEIC,,,not_found
IMG_7503.HEIC,,,not_found
IMG_7506(1).HEIC,EAN13,4870006616897,ok
IMG_7506.HEIC,EAN13,4870006616897,ok
IMG_7505(1).HEIC,,,not_found
IMG_7505.HEIC,,,not_found
IMG_7508(1).HEIC,EAN13,4870006616941,ok
IMG_7508.HEIC,EAN13,4870006616941,ok
IMG_7507(1).HEIC,,,not_found
IMG_7507.HEIC,,,not_found
IMG_7510(1).HEIC,EAN13,4870006616910,ok
IMG_7510.HEIC,EAN13,4870006616910,ok
IMG_7509(1).HEIC,,,not_found
IMG_7509.HEIC,,,not_found
IMG_7512(1).HEIC,EAN13,4870006616958,ok
IMG_7512.HEIC,EAN13,4870006616958,ok
IMG_7511(1).HEIC,,,not_found
IMG_7511.HEIC,,,not_found
IMG_7514(1).HEIC,EAN13,4870006617283,ok
IMG_7514.HEIC,EAN13,4870006617283,ok
IMG_7513(1).HEIC,,,not_found
IMG_7513.HEIC,,,not_found
IMG_7516(1).HEIC,EAN13,4870006616965,ok
IMG_7516.HEIC,EAN13,4870006616965,ok
IMG_7515(1).HEIC,,,not_found
IMG_7515.HEIC,,,not_found
IMG_7518(1).HEIC,EAN13,4870005840248,ok
IMG_7518.HEIC,EAN13,4870005840248,ok
IMG_7517(1).HEIC,,,not_found
IMG_7517.HEIC,,,not_found
IMG_7520(1).HEIC,EAN13,4870003180353,ok
IMG_7520.HEIC,EAN13,4870003180353,ok
IMG_7519(1).HEIC,,,not_found
IMG_7519.HEIC,,,not_found
IMG_7522(1).HEIC,EAN13,4870003180056,ok
IMG_7522.HEIC,EAN13,4870003180056,ok
IMG_7521(1).HEIC,,,not_found
IMG_7521.HEIC,,,not_found
IMG_7524(1).HEIC,EAN13,4870005840279,ok
IMG_7524.HEIC,EAN13,4870005840279,ok
IMG_7523(1).HEIC,,,not_found
IMG_7523.HEIC,,,not_found
IMG_7526(1).HEIC,EAN13,4870006611564,ok
IMG_7526.HEIC,EAN13,4870006611564,ok
IMG_7525(1).HEIC,,,not_found
IMG_7525.HEIC,,,not_found
IMG_7528(1).HEIC,EAN13,4690329010758,ok
IMG_7527(1).HEIC,,,not_found
IMG_7528.HEIC,EAN13,4690329010758,ok
IMG_7527.HEIC,,,not_found
IMG_7531(1).HEIC,EAN13,4690329010741,ok
IMG_7531.HEIC,EAN13,4690329010741,ok
IMG_7529(1).HEIC,,,not_found
IMG_7529.HEIC,,,not_found
IMG_7533(1).HEIC,EAN13,4690329010772,ok
IMG_7533.HEIC,EAN13,4690329010772,ok
IMG_7532(1).HEIC,,,not_found
IMG_7532.HEIC,,,not_found
IMG_7535(1).HEIC,EAN13,4690329010789,ok
IMG_7535.HEIC,EAN13,4690329010789,ok
IMG_7534(1).HEIC,,,not_found
IMG_7534.HEIC,,,not_found
IMG_7537.HEIC,EAN13,4690329010765,ok
IMG_7536(1).HEIC,,,not_found
IMG_7536.HEIC,,,not_found
IMG_7539(1).HEIC,EAN13,4870006617375,ok
IMG_7539.HEIC,EAN13,4870006617375,ok
IMG_7538.HEIC,,,not_found
IMG_7541.HEIC,EAN13,4870205311708,ok
IMG_7540(1).HEIC,,,not_found
IMG_7540.HEIC,,,not_found
IMG_7545.HEIC,EAN13,4601780006976,ok
IMG_7542.HEIC,,,not_found
IMG_7543.HEIC,,,not_found
IMG_7544.HEIC,,,not_found
IMG_7547.HEIC,EAN13,4601780021429,ok
IMG_7546.HEIC,,,not_found
IMG_7549(1).HEIC,EAN13,4601780009885,ok
IMG_7549.HEIC,EAN13,4601780009885,ok
IMG_7548(1).HEIC,,,not_found
IMG_7548.HEIC,,,not_found
IMG_7550(1).HEIC,,,not_found
IMG_7551(1).HEIC,,,not_found
IMG_7551.HEIC,,,not_found
IMG_7550.HEIC,,,not_found
IMG_7552(1).HEIC,,,not_found
IMG_7552.HEIC,,,not_found
IMG_7553(1).HEIC,,,not_found
IMG_7553.HEIC,,,not_found
IMG_7554(1).HEIC,,,not_found
IMG_7554.HEIC,,,not_found
IMG_7555(1).HEIC,,,not_found
IMG_7555.HEIC,,,not_found
IMG_7556(1).HEIC,,,not_found
IMG_7557(1).HEIC,,,not_found
IMG_7556.HEIC,,,not_found
IMG_7557.HEIC,,,not_found
IMG_7558(1).HEIC,,,not_found
IMG_7558.HEIC,,,not_found
IMG_7559(1).HEIC,,,not_found
IMG_7559.HEIC,,,not_found
IMG_7561(1).HEIC,EAN13,4601780014735,ok
IMG_7561.HEIC,EAN13,4601780014735,ok
IMG_7560(1).HEIC,,,not_found
IMG_7560.HEIC,,,not_found
IMG_7563(1).HEIC,EAN13,4601780014759,ok
IMG_7563.HEIC,EAN13,4601780014759,ok
IMG_7562(1).HEIC,,,not_found
IMG_7562.HEIC,,,not_found
IMG_7565(1).HEIC,EAN13,4690329007505,ok
IMG_7565.HEIC,EAN13,4690329007505,ok
IMG_7564(1).HEIC,,,not_found
IMG_7564.HEIC,,,not_found
IMG_7567(1).HEIC,EAN13,4870001780029,ok
IMG_7567.HEIC,EAN13,4870001780029,ok
IMG_7566(1).HEIC,,,not_found
IMG_7566.HEIC,,,not_found
IMG_7570(1).HEIC,EAN13,4870001157937,ok
IMG_7570.HEIC,EAN13,4870001157937,ok
IMG_7569(1).HEIC,,,not_found
IMG_7571(1).HEIC,QRCode,https://clck.ru/3HKnYn,ok
IMG_7571.HEIC,QRCode,https://clck.ru/3HKnYn,ok
IMG_7569.HEIC,,,not_found
IMG_7572(1).HEIC,EAN13,4870001157913,ok
IMG_7572.HEIC,EAN13,4870001157913,ok
IMG_7574(1).HEIC,EAN13,4870002325441,ok
IMG_7574.HEIC,EAN13,4870002325441,ok
IMG_7573(1).HEIC,,,not_found
IMG_7573.HEIC,,,not_found
IMG_7576(1).HEIC,EAN13,4870001571023,ok
IMG_7576.HEIC,EAN13,4870001571023,ok
IMG_7575(1).HEIC,,,not_found
IMG_7575.HEIC,,,not_found
IMG_7579(1).HEIC,QRCode,https://clck.ru/3HKnYn,ok
IMG_7578.HEIC,EAN13,4870001572228,ok
IMG_7577(1).HEIC,,,not_found
IMG_7577.HEIC,,,not_found
IMG_7579.HEIC,QRCode,https://clck.ru/3HKnYn,ok
IMG_7580.HEIC,EAN13,4870001157913,ok
IMG_7583.HEIC,QRCode,https://clck.ru/3F2P5E,ok
IMG_7582.HEIC,EAN13,4870001159948,ok
IMG_7584.HEIC,EAN13,4870002326172,ok
IMG_7585.HEIC,QRCode,https://clck.ru/3HQ6z7,ok
IMG_7586.HEIC,EAN13,4870001571030,ok
IMG_7581.HEIC,,,not_found
IMG_7588(1).HEIC,EAN13,4870001571573,ok
IMG_7588.HEIC,EAN13,4870001571573,ok
IMG_7589(1).HEIC,QRCode,https://clck.ru/3HKnYn,ok
IMG_7587.HEIC,,,not_found
IMG_7589.HEIC,QRCode,https://clck.ru/3HKnYn,ok
IMG_7590(1).HEIC,EAN13,4870001159955,ok
IMG_7590.HEIC,EAN13,4870001159955,ok
IMG_7591.HEIC,QRCode,https://clck.ru/3F2P5E,ok
IMG_7591(1).HEIC,QRCode,https://clck.ru/3F2P5E,ok
IMG_7592.HEIC,EAN13,4870002326172,ok
IMG_7592(1).HEIC,EAN13,4870002326172,ok
IMG_7594(1).HEIC,EAN13,4870001571030,ok
IMG_7594.HEIC,EAN13,4870001571030,ok
IMG_7593(1).HEIC,,,not_found
IMG_7593.HEIC,,,not_found
IMG_7596(1).HEIC,EAN13,4870001572242,ok
IMG_7596.HEIC,EAN13,4870001572242,ok
IMG_7595(1).HEIC,,,not_found
IMG_7595.HEIC,,,not_found
IMG_7598(1).HEIC,EAN13,4870001157920,ok
IMG_7598.HEIC,EAN13,4870001157920,ok
IMG_7597(1).HEIC,,,not_found
IMG_7597.HEIC,,,not_found
IMG_7600(1).HEIC,EAN13,4870002328213,ok
IMG_7600.HEIC,EAN13,4870002328213,ok
IMG_7599(1).HEIC,,,not_found
IMG_7599.HEIC,,,not_found
IMG_7602(1).HEIC,EAN13,8445290788214,ok
IMG_7602.HEIC,EAN13,8445290788214,ok
IMG_7601(1).HEIC,,,not_found
IMG_7601.HEIC,,,not_found
IMG_7604(1).HEIC,EAN13,7613287073594,ok
IMG_7604.HEIC,EAN13,7613287073594,ok
IMG_7603(1).HEIC,,,not_found
IMG_7603.HEIC,,,not_found
IMG_7606(1).HEIC,EAN13,8002205383287,ok
IMG_7606.HEIC,EAN13,8002205383287,ok
IMG_7605(1).HEIC,,,not_found
IMG_7605.HEIC,,,not_found
IMG_7608(1).HEIC,EAN13,8002205358179,ok
IMG_7608.HEIC,EAN13,8002205358179,ok
IMG_7607(1).HEIC,,,not_found
IMG_7607.HEIC,,,not_found
IMG_7610(1).HEIC,EAN13,8445290764225,ok
IMG_7610.HEIC,EAN13,8445290764225,ok
IMG_7609(1).HEIC,,,not_found
IMG_7609.HEIC,,,not_found
IMG_7612(1).HEIC,EAN13,8445290140159,ok
IMG_7612.HEIC,EAN13,8445290140159,ok
IMG_7611(1).HEIC,,,not_found
IMG_7611.HEIC,,,not_found
IMG_7614(1).HEIC,EAN13,8445290141552,ok
IMG_7614.HEIC,EAN13,8445290141552,ok
IMG_7613(1).HEIC,,,not_found
IMG_7613.HEIC,,,not_found
IMG_7616(1).HEIC,EAN13,8445290761057,ok
IMG_7616.HEIC,EAN13,8445290761057,ok
IMG_7615(1).HEIC,,,not_found
IMG_7615.HEIC,,,not_found
IMG_7618(1).HEIC,EAN13,8445290762801,ok
IMG_7618.HEIC,EAN13,8445290762801,ok
IMG_7617(1).HEIC,,,not_found
IMG_7617.HEIC,,,not_found
IMG_7620(1).HEIC,EAN13,8445290141590,ok
IMG_7620.HEIC,EAN13,8445290141590,ok
IMG_7619(1).HEIC,,,not_found
IMG_7619.HEIC,,,not_found
IMG_7622(1).HEIC,EAN13,8445290141576,ok
IMG_7622.HEIC,EAN13,8445290141576,ok
IMG_7621(1).HEIC,,,not_found
IMG_7621.HEIC,,,not_found
IMG_7624(1).HEIC,EAN13,8445290765765,ok
IMG_7624.HEIC,EAN13,8445290765765,ok
IMG_7623(1).HEIC,,,not_found
IMG_7623.HEIC,,,not_found
IMG_7625(1).HEIC,,,not_found
IMG_7626(1).HEIC,EAN13,8445290765765,ok
IMG_7625.HEIC,,,not_found
IMG_7626.HEIC,EAN13,8445290765765,ok
IMG_7628.HEIC,EAN13,8445290136947,ok
IMG_7628(1).HEIC,EAN13,8445290136947,ok
IMG_7627(1).HEIC,,,not_found
IMG_7627.HEIC,,,not_found
IMG_7630(1).HEIC,EAN13,8445290765789,ok
IMG_7630.HEIC,EAN13,8445290765789,ok
IMG_7629.HEIC,,,not_found
IMG_7629(1).HEIC,,,not_found
IMG_7633(1).HEIC,EAN13,7613037738391,ok
IMG_7633.HEIC,EAN13,7613037738391,ok
IMG_7631.HEIC,,,not_found
IMG_7631(1).HEIC,,,not_found
IMG_7635(1).HEIC,EAN13,7613037737806,ok
IMG_7635.HEIC,EAN13,7613037737806,ok
IMG_7634(1).HEIC,,,not_found
IMG_7634.HEIC,,,not_found
IMG_7637(1).HEIC,EAN13,4607065003135,ok
IMG_7637.HEIC,EAN13,4607065003135,ok
IMG_7636(1).HEIC,,,not_found
IMG_7636.HEIC,,,not_found
IMG_7638(1).HEIC,,,not_found
IMG_7638.HEIC,,,not_found
IMG_7639(1).HEIC,EAN13,4607065371227,ok
IMG_7639.HEIC,EAN13,4607065371227,ok
IMG_7641(1).HEIC,EAN13,4607065371166,ok
IMG_7641.HEIC,EAN13,4607065371166,ok
IMG_7640(1).HEIC,,,not_found
IMG_7640.HEIC,,,not_found
IMG_7642(1).HEIC,,,not_found
IMG_7642.HEIC,,,not_found
IMG_7643(1).HEIC,,,not_found
IMG_7643.HEIC,,,not_found
IMG_7644(1).HEIC,,,not_found
IMG_7644.HEIC,,,not_found
IMG_7645(1).HEIC,,,not_found
IMG_7645.HEIC,,,not_found
IMG_7646(1).HEIC,,,not_found
IMG_7646.HEIC,,,not_found
IMG_7647(1).HEIC,EAN13,7622202033896,ok
IMG_7647.HEIC,EAN13,7622202033896,ok
IMG_7649(1).HEIC,EAN13,7622210575517,ok
IMG_7649.HEIC,EAN13,7622210575517,ok
IMG_7648(1).HEIC,,,not_found
IMG_7648.HEIC,,,not_found
IMG_7651(1).HEIC,EAN13,7622202203534,ok
IMG_7651.HEIC,EAN13,7622202203534,ok
IMG_7650(1).HEIC,,,not_found
IMG_7650.HEIC,,,not_found
IMG_7653(1).HEIC,EAN13,7622202203534,ok
IMG_7653.HEIC,EAN13,7622202203534,ok
IMG_7652(1).HEIC,,,not_found
IMG_7652.HEIC,,,not_found
IMG_7655(1).HEIC,EAN13,7622201751623,ok
IMG_7655.HEIC,EAN13,7622201751623,ok
IMG_7654(1).HEIC,,,not_found
IMG_7654.HEIC,,,not_found
IMG_7657(1).HEIC,EAN13,7622201751623,ok
IMG_7657.HEIC,EAN13,7622201751623,ok
IMG_7656(1).HEIC,,,not_found
IMG_7656.HEIC,,,not_found
IMG_7659(1).HEIC,UPCA,745125381992,ok
IMG_7659.HEIC,UPCA,745125381992,ok
IMG_7658(1).HEIC,,,not_found
IMG_7658.HEIC,,,not_found
IMG_7661(1).HEIC,UPCA,745125381497,ok
IMG_7661.HEIC,UPCA,745125381497,ok
IMG_7660(1).HEIC,DataBar,20226434284227,ok
IMG_7660.HEIC,DataBar,20226434284227,ok
IMG_7663(1).HEIC,EAN13,4605209003690,ok
IMG_7663.HEIC,EAN13,4605209003690,ok
IMG_7662(1).HEIC,,,not_found
IMG_7662.HEIC,,,not_found
IMG_7665(1).HEIC,UPCA,745125381466,ok
IMG_7665.HEIC,UPCA,745125381466,ok
IMG_7664(1).HEIC,,,not_found
IMG_7664.HEIC,,,not_found
IMG_7667(1).HEIC,UPCA,745125381435,ok
IMG_7667.HEIC,UPCA,745125381435,ok
IMG_7666(1).HEIC,,,not_found
IMG_7666.HEIC,,,not_found
IMG_7669(1).HEIC,UPCA,745125381459,ok
IMG_7669.HEIC,UPCA,745125381459,ok
IMG_7668(1).HEIC,,,not_found
IMG_7668.HEIC,,,not_found
IMG_7671(1).HEIC,UPCA,745125381473,ok
IMG_7671.HEIC,UPCA,745125381473,ok
IMG_7670(1).HEIC,,,not_found
IMG_7670.HEIC,,,not_found
IMG_7673(1).HEIC,UPCA,745125381206,ok
IMG_7673.HEIC,UPCA,745125381206,ok
IMG_7672(1).HEIC,,,not_found
IMG_7672.HEIC,,,not_found
IMG_7675(1).HEIC,UPCA,745125381985,ok
IMG_7675.HEIC,UPCA,745125381985,ok
IMG_7674(1).HEIC,,,not_found
IMG_7674.HEIC,,,not_found
IMG_7677(1).HEIC,UPCA,745125381879,ok
IMG_7677.HEIC,UPCA,745125381879,ok
IMG_7676(1).HEIC,,,not_found
IMG_7676.HEIC,,,not_found
IMG_7679(1).HEIC,UPCA,745125381626,ok
IMG_7679.HEIC,UPCA,745125381626,ok
IMG_7678(1).HEIC,,,not_found
IMG_7678.HEIC,,,not_found
IMG_7682(1).HEIC,UPCA,745125381503,ok
IMG_7682.HEIC,UPCA,745125381503,ok
IMG_7680(1).HEIC,,,not_found
IMG_7680.HEIC,,,not_found
IMG_7684(1).HEIC,UPCA,710497627023,ok
IMG_7684.HEIC,UPCA,710497627023,ok
IMG_7683(1).HEIC,,,not_found
IMG_7683.HEIC,,,not_found
IMG_7686(1).HEIC,UPCA,745125381541,ok
IMG_7686.HEIC,UPCA,745125381541,ok
IMG_7685(1).HEIC,,,not_found
IMG_7685.HEIC,,,not_found
IMG_7688(1).HEIC,UPCA,745125381534,ok
IMG_7688.HEIC,UPCA,745125381534,ok
IMG_7687(1).HEIC,,,not_found
IMG_7687.HEIC,,,not_found
IMG_7690(1).HEIC,EAN13,4605209012777,ok
IMG_7690.HEIC,EAN13,4605209012777,ok
IMG_7689(1).HEIC,,,not_found
IMG_7689.HEIC,,,not_found
IMG_7692(1).HEIC,UPCA,745125381527,ok
IMG_7692.HEIC,UPCA,745125381527,ok
IMG_7691(1).HEIC,,,not_found
IMG_7691.HEIC,,,not_found
IMG_7694(1).HEIC,UPCA,745125381305,ok
IMG_7693(1).HEIC,,,not_found
IMG_7694.HEIC,UPCA,745125381305,ok
IMG_7693.HEIC,,,not_found
IMG_7695(1).HEIC,,,not_found
IMG_7696.HEIC,,,not_found
IMG_7695.HEIC,,,not_found
IMG_7696(1).HEIC,,,not_found
IMG_7698.HEIC,UPCA,745125381336,ok
IMG_7698(1).HEIC,UPCA,745125381336,ok
IMG_7697(1).HEIC,,,not_found
IMG_7697.HEIC,,,not_found
IMG_7700(1).HEIC,UPCA,745125381336,ok
IMG_7699.HEIC,,,not_found
IMG_7699(1).HEIC,,,not_found
IMG_7700.HEIC,UPCA,745125381336,ok
IMG_7702(1).HEIC,UPCA,745125381411,ok
IMG_7702.HEIC,UPCA,745125381411,ok
IMG_7701(1).HEIC,,,not_found
IMG_7701.HEIC,,,not_found
IMG_7704(1).HEIC,UPCA,745125381213,ok
IMG_7703(1).HEIC,,,not_found
IMG_7703.HEIC,,,not_found
IMG_7704.HEIC,UPCA,745125381213,ok
IMG_7707(1).HEIC,UPCA,745125381503,ok
IMG_7707.HEIC,UPCA,745125381503,ok
IMG_7705(1).HEIC,,,not_found
IMG_7705.HEIC,,,not_found
IMG_7709(1).HEIC,UPCA,745125381589,ok
IMG_7709.HEIC,UPCA,745125381589,ok
IMG_7708(1).HEIC,,,not_found
IMG_7708.HEIC,,,not_found
IMG_7711(1).HEIC,UPCA,745125381602,ok
IMG_7711.HEIC,UPCA,745125381602,ok
IMG_7710(1).HEIC,,,not_found
IMG_7710.HEIC,,,not_found
IMG_7713(1).HEIC,UPCA,745125381558,ok
IMG_7713.HEIC,UPCA,745125381558,ok
IMG_7712(1).HEIC,,,not_found
IMG_7712.HEIC,,,not_found
IMG_7715(1).HEIC,UPCA,745125381619,ok
IMG_7715.HEIC,UPCA,745125381619,ok
IMG_7714(1).HEIC,,,not_found
IMG_7714.HEIC,,,not_found
IMG_7717(1).HEIC,UPCA,710497627047,ok
IMG_7717.HEIC,UPCA,710497627047,ok
IMG_7716(1).HEIC,,,not_found
IMG_7716.HEIC,,,not_found
IMG_7719(1).HEIC,UPCA,745125381510,ok
IMG_7719.HEIC,UPCA,745125381510,ok
IMG_7718(1).HEIC,,,not_found
IMG_7718.HEIC,,,not_found
IMG_7721(1).HEIC,UPCA,745125381510,ok
IMG_7721.HEIC,UPCA,745125381510,ok
IMG_7720(1).HEIC,,,not_found
IMG_7720.HEIC,,,not_found
IMG_7723(1).HEIC,UPCA,745125381442,ok
IMG_7723.HEIC,UPCA,745125381442,ok
IMG_7722(1).HEIC,,,not_found
IMG_7722.HEIC,,,not_found
IMG_7725(1).HEIC,UPCA,745125381282,ok
IMG_7725.HEIC,UPCA,745125381282,ok
IMG_7724(1).HEIC,,,not_found
IMG_7724.HEIC,,,not_found
IMG_7727(1).HEIC,UPCA,745125381893,ok
IMG_7727.HEIC,UPCA,745125381893,ok
IMG_7726(1).HEIC,,,not_found
IMG_7726.HEIC,,,not_found
IMG_7729(1).HEIC,UPCA,745125381244,ok
IMG_7729.HEIC,UPCA,745125381244,ok
IMG_7728(1).HEIC,,,not_found
IMG_7728.HEIC,,,not_found
IMG_7731(1).HEIC,UPCA,745125381329,ok
IMG_7731.HEIC,UPCA,745125381329,ok
IMG_7730(1).HEIC,,,not_found
IMG_7730.HEIC,,,not_found
IMG_7733(1).HEIC,UPCA,745125381367,ok
IMG_7733.HEIC,UPCA,745125381367,ok
IMG_7732(1).HEIC,,,not_found
IMG_7732.HEIC,,,not_found
IMG_7735(1).HEIC,UPCA,745125381596,ok
IMG_7735.HEIC,UPCA,745125381596,ok
IMG_7734(1).HEIC,,,not_found
IMG_7734.HEIC,,,not_found
IMG_7737(1).HEIC,UPCA,745125381930,ok
IMG_7736(1).HEIC,DataBar,41577561514286,ok
IMG_7737.HEIC,UPCA,745125381930,ok
IMG_7736.HEIC,DataBar,41577561514286,ok
IMG_7739(1).HEIC,UPCA,710497627030,ok
IMG_7739.HEIC,UPCA,710497627030,ok
IMG_7738(1).HEIC,,,not_found
IMG_7738.HEIC,,,not_found
IMG_7740(1).HEIC,,,not_found
IMG_7740.HEIC,,,not_found
IMG_7741(1).HEIC,UPCA,745125382067,ok
IMG_7741.HEIC,UPCA,745125382067,ok
IMG_7743(1).HEIC,UPCA,710497627030,ok
IMG_7743.HEIC,UPCA,710497627030,ok
IMG_7742(1).HEIC,,,not_found
IMG_7742.HEIC,,,not_found
IMG_7745(1).HEIC,UPCA,745125381947,ok
IMG_7745.HEIC,UPCA,745125381947,ok
IMG_7744(1).HEIC,,,not_found
IMG_7744.HEIC,,,not_found
IMG_7747(1).HEIC,UPCA,745125381558,ok
IMG_7747.HEIC,UPCA,745125381558,ok
IMG_7746(1).HEIC,,,not_found
IMG_7746.HEIC,,,not_found
IMG_7748(1).HEIC,,,not_found
IMG_7748.HEIC,,,not_found
IMG_7749(1).HEIC,UPCA,745125382067,ok
IMG_7749.HEIC,UPCA,745125382067,ok
IMG_7751(1).HEIC,UPCA,745125381879,ok
IMG_7751.HEIC,UPCA,745125381879,ok
IMG_7750(1).HEIC,,,not_found
IMG_7750.HEIC,,,not_found
IMG_7753(1).HEIC,UPCA,745125381350,ok
IMG_7753.HEIC,UPCA,745125381350,ok
IMG_7752(1).HEIC,,,not_found
IMG_7752.HEIC,,,not_found
IMG_7755(1).HEIC,UPCA,745125381862,ok
IMG_7755.HEIC,UPCA,745125381862,ok
IMG_7754(1).HEIC,,,not_found
IMG_7754.HEIC,,,not_found
IMG_7756(1).HEIC,UPCA,745125381862,ok
IMG_7756.HEIC,UPCA,745125381862,ok
IMG_7758(1).HEIC,UPCA,745125382135,ok
IMG_7758.HEIC,UPCA,745125382135,ok
IMG_7757(1).HEIC,,,not_found
IMG_7757.HEIC,,,not_found
IMG_7760.HEIC,UPCA,745125382142,ok
IMG_7760(1).HEIC,UPCA,745125382142,ok
IMG_7759(1).HEIC,,,not_found
IMG_7759.HEIC,,,not_found
IMG_7762(1).HEIC,UPCA,745125382128,ok
IMG_7762.HEIC,UPCA,745125382128,ok
IMG_7761.HEIC,,,not_found
IMG_7761(1).HEIC,,,not_found
IMG_7764(1).HEIC,UPCA,745125382159,ok
IMG_7764.HEIC,UPCA,745125382159,ok
IMG_7763(1).HEIC,,,not_found
IMG_7763.HEIC,,,not_found
IMG_7766(1).HEIC,UPCA,710497627009,ok
IMG_7766.HEIC,UPCA,710497627009,ok
IMG_7765(1).HEIC,,,not_found
IMG_7765.HEIC,,,not_found
IMG_7768(1).HEIC,UPCA,745125382050,ok
IMG_7768.HEIC,UPCA,745125382050,ok
IMG_7767(1).HEIC,,,not_found
IMG_7767.HEIC,,,not_found
IMG_7770(1).HEIC,UPCA,745125382043,ok
IMG_7770.HEIC,UPCA,745125382043,ok
IMG_7769(1).HEIC,,,not_found
IMG_7769.HEIC,,,not_found
IMG_7772(1).HEIC,UPCA,745125381909,ok
IMG_7772.HEIC,UPCA,745125381909,ok
IMG_7771(1).HEIC,,,not_found
IMG_7771.HEIC,,,not_found
IMG_7774(1).HEIC,UPCA,710497627054,ok
IMG_7774.HEIC,UPCA,710497627054,ok
IMG_7773(1).HEIC,,,not_found
IMG_7773.HEIC,,,not_found
IMG_7776(1).HEIC,UPCA,745125381237,ok
IMG_7776.HEIC,UPCA,745125381237,ok
IMG_7775(1).HEIC,,,not_found
IMG_7775.HEIC,,,not_found
IMG_7778(1).HEIC,UPCA,745125381251,ok
IMG_7778.HEIC,UPCA,745125381251,ok
IMG_7777(1).HEIC,DataBar,52294262654689,ok
IMG_7777.HEIC,DataBar,52294262654689,ok
IMG_7780(1).HEIC,EAN13,4607044605947,ok
IMG_7780.HEIC,EAN13,4607044605947,ok
IMG_7779(1).HEIC,,,not_found
IMG_7779.HEIC,,,not_found
IMG_7782(1).HEIC,UPCA,745125381367,ok
IMG_7782.HEIC,UPCA,745125381367,ok
IMG_7781(1).HEIC,,,not_found
IMG_7781.HEIC,,,not_found
IMG_7784(1).HEIC,EAN13,4605209012777,ok
IMG_7784.HEIC,EAN13,4605209012777,ok
IMG_7783(1).HEIC,,,not_found
IMG_7783.HEIC,,,not_found
IMG_7786(1).HEIC,UPCA,745125381787,ok
IMG_7786.HEIC,UPCA,745125381787,ok
IMG_7785(1).HEIC,,,not_found
IMG_7785.HEIC,,,not_found
IMG_7788(1).HEIC,UPCA,745125381831,ok
IMG_7788.HEIC,UPCA,745125381831,ok
IMG_7787(1).HEIC,,,not_found
IMG_7787.HEIC,,,not_found
IMG_7790(1).HEIC,UPCA,745125381855,ok
IMG_7790.HEIC,UPCA,745125381855,ok
IMG_7789(1).HEIC,,,not_found
IMG_7789.HEIC,,,not_found
IMG_7792(1).HEIC,UPCA,745125381831,ok
IMG_7791(1).HEIC,,,not_found
IMG_7792.HEIC,UPCA,745125381831,ok
IMG_7791.HEIC,,,not_found
IMG_7794(1).HEIC,UPCA,745125381404,ok
IMG_7794.HEIC,UPCA,745125381404,ok
IMG_7793(1).HEIC,,,not_found
IMG_7793.HEIC,,,not_found
IMG_7795(1).HEIC,,,not_found
IMG_7795.HEIC,,,not_found
IMG_7796(1).HEIC,UPCA,745125381398,ok
IMG_7796.HEIC,UPCA,745125381398,ok
IMG_7798(1).HEIC,EAN13,8410300366362,ok
IMG_7798.HEIC,EAN13,8410300366362,ok
IMG_7797(1).HEIC,,,not_found
IMG_7797.HEIC,,,not_found
IMG_7800(1).HEIC,UPCA,745125381404,ok
IMG_7800.HEIC,UPCA,745125381404,ok
IMG_7799(1).HEIC,,,not_found
IMG_7799.HEIC,,,not_found
IMG_7802(1).HEIC,QRCode,https://qr9.me/i=Liqqqqqqqqq,ok
IMG_7802.HEIC,QRCode,https://qr9.me/i=Liqqqqqqqqq,ok
IMG_7801(1).HEIC,,,not_found
IMG_7801.HEIC,,,not_found
IMG_7804(1).HEIC,EAN13,4870007230900,ok
IMG_7804.HEIC,EAN13,4870007230900,ok
IMG_7803(1).HEIC,,,not_found
IMG_7803.HEIC,,,not_found
IMG_7806(1).HEIC,EAN13,4870007232348,ok
IMG_7806.HEIC,EAN13,4870007232348,ok
IMG_7805(1).HEIC,,,not_found
IMG_7805.HEIC,,,not_found
IMG_7808(1).HEIC,EAN13,4870007234649,ok
IMG_7808.HEIC,EAN13,4870007234649,ok
IMG_7807(1).HEIC,,,not_found
IMG_7807.HEIC,,,not_found
IMG_7810(1).HEIC,EAN13,4870007231358,ok
IMG_7810.HEIC,EAN13,4870007231358,ok
IMG_7809(1).HEIC,,,not_found
IMG_7809.HEIC,,,not_found
IMG_7811(1).HEIC,,,not_found
IMG_7811.HEIC,,,not_found
IMG_7812(1).HEIC,,,not_found
IMG_7812.HEIC,,,not_found
IMG_7814(1).HEIC,EAN13,4870007231075,ok
IMG_7814.HEIC,EAN13,4870007231075,ok
IMG_7813(1).HEIC,,,not_found
IMG_7813.HEIC,,,not_found
IMG_7816(1).HEIC,EAN13,4870007234014,ok
IMG_7816.HEIC,EAN13,4870007234014,ok
IMG_7815(1).HEIC,,,not_found
IMG_7815.HEIC,,,not_found
IMG_7818(1).HEIC,EAN13,4870007231693,ok
IMG_7818.HEIC,EAN13,4870007231693,ok
IMG_7817(1).HEIC,,,not_found
IMG_7817.HEIC,,,not_found
IMG_7820(1).HEIC,EAN13,4870007233420,ok
IMG_7820.HEIC,EAN13,4870007233420,ok
IMG_7819(1).HEIC,,,not_found
IMG_7819.HEIC,,,not_found
IMG_7821(1).HEIC,,,not_found
IMG_7821.HEIC,,,not_found
IMG_7822(1).HEIC,,,not_found
IMG_7822.HEIC,,,not_found
IMG_7824(1).HEIC,EAN13,4870007231242,ok
IMG_7824.HEIC,EAN13,4870007231242,ok
IMG_7823(1).HEIC,,,not_found
IMG_7823.HEIC,,,not_found
IMG_7826(1).HEIC,EAN13,4870007230719,ok
IMG_7826.HEIC,EAN13,4870007230719,ok
IMG_7825(1).HEIC,,,not_found
IMG_7825.HEIC,,,not_found
IMG_7827(1).HEIC,EAN13,4870007232423,ok
IMG_7828(1).HEIC,EAN13,4870007232423,ok
IMG_7827.HEIC,EAN13,4870007232423,ok
IMG_7828.HEIC,EAN13,4870007232423,ok
IMG_7830(1).HEIC,EAN13,4870007231242,ok
IMG_7830.HEIC,EAN13,4870007231242,ok
IMG_7829(1).HEIC,,,not_found
IMG_7829.HEIC,,,not_found
IMG_7832(1).HEIC,EAN13,4870007231082,ok
IMG_7832.HEIC,EAN13,4870007231082,ok
IMG_7831(1).HEIC,,,not_found
IMG_7831.HEIC,,,not_found
IMG_7834(1).HEIC,EAN13,4870007234618,ok
IMG_7834.HEIC,EAN13,4870007234618,ok
IMG_7833(1).HEIC,,,not_found
IMG_7833.HEIC,,,not_found
IMG_7836(1).HEIC,EAN13,4870007230368,ok
IMG_7836.HEIC,EAN13,4870007230368,ok
IMG_7835(1).HEIC,,,not_found
IMG_7835.HEIC,,,not_found
IMG_7838(1).HEIC,EAN13,4870007231334,ok
IMG_7838.HEIC,EAN13,4870007231334,ok
IMG_7837(1).HEIC,,,not_found
IMG_7837.HEIC,,,not_found
IMG_7840(1).HEIC,EAN13,4870007231358,ok
IMG_7840.HEIC,EAN13,4870007231358,ok
IMG_7839(1).HEIC,,,not_found
IMG_7839.HEIC,,,not_found
IMG_7842(1).HEIC,EAN13,4870007231723,ok
IMG_7842.HEIC,EAN13,4870007231723,ok
IMG_7841(1).HEIC,,,not_found
IMG_7841.HEIC,,,not_found
IMG_7843(1).HEIC,,,not_found
IMG_7843.HEIC,,,not_found
IMG_7844(1).HEIC,EAN13,4870007232393,ok
IMG_7844.HEIC,EAN13,4870007232393,ok
IMG_7846(1).HEIC,EAN13,4870007233185,ok
IMG_7846.HEIC,EAN13,4870007233185,ok
IMG_7845(1).HEIC,,,not_found
IMG_7845.HEIC,,,not_found
IMG_7848(1).HEIC,EAN13,4605922001737,ok
IMG_7848.HEIC,EAN13,4605922001737,ok
IMG_7847(1).HEIC,,,not_found
IMG_7847.HEIC,,,not_found
IMG_7849(1).HEIC,,,not_found
IMG_7849.HEIC,,,not_found
IMG_7850(1).HEIC,,,not_found
IMG_7850.HEIC,,,not_found
IMG_7852(1).HEIC,EAN13,4602358009689,ok
IMG_7852.HEIC,EAN13,4602358009689,ok
IMG_7851(1).HEIC,,,not_found
IMG_7851.HEIC,,,not_found
IMG_7854(1).HEIC,EAN13,4602358006909,ok
IMG_7854.HEIC,EAN13,4602358006909,ok
IMG_7853(1).HEIC,,,not_found
IMG_7853.HEIC,,,not_found
IMG_7855(1).HEIC,EAN13,4660013331438,ok
IMG_7856(1).HEIC,EAN13,4660013331438,ok
IMG_7855.HEIC,EAN13,4660013331438,ok
IMG_7856.HEIC,EAN13,4660013331438,ok
IMG_7857.HEIC,,,not_found
IMG_7857(1).HEIC,,,not_found
IMG_7858(1).HEIC,,,not_found
IMG_7858.HEIC,,,not_found
IMG_7860(1).HEIC,EAN13,4602358003663,ok
IMG_7860.HEIC,EAN13,4602358003663,ok
IMG_7859(1).HEIC,,,not_found
IMG_7859.HEIC,,,not_found
IMG_7862.HEIC,EAN13,4602358009696,ok
IMG_7862(1).HEIC,EAN13,4602358009696,ok
IMG_7861(1).HEIC,,,not_found
IMG_7861.HEIC,,,not_found
IMG_7864(1).HEIC,EAN13,4605922001928,ok
IMG_7864.HEIC,EAN13,4605922001928,ok
IMG_7863.HEIC,,,not_found
IMG_7863(1).HEIC,,,not_found
IMG_7866.HEIC,EAN13,4605922001737,ok
IMG_7866(1).HEIC,EAN13,4605922001737,ok
IMG_7865(1).HEIC,,,not_found
IMG_7865.HEIC,,,not_found
IMG_7868(1).HEIC,EAN13,4602358003472,ok
IMG_7868.HEIC,EAN13,4602358003472,ok
IMG_7867(1).HEIC,,,not_found
IMG_7867.HEIC,,,not_found
IMG_7870(1).HEIC,EAN13,4602358007128,ok
IMG_7870.HEIC,EAN13,4602358007128,ok
IMG_7869(1).HEIC,,,not_found
IMG_7869.HEIC,,,not_found
IMG_7872(1).HEIC,EAN13,4602358008224,ok
IMG_7872.HEIC,EAN13,4602358008224,ok
IMG_7871.HEIC,,,not_found
IMG_7871(1).HEIC,,,not_found
IMG_7874.HEIC,EAN13,4605922001928,ok
IMG_7874(1).HEIC,EAN13,4605922001928,ok
IMG_7873(1).HEIC,,,not_found
IMG_7873.HEIC,,,not_found
IMG_7876(1).HEIC,EAN13,4602358003472,ok
IMG_7876.HEIC,EAN13,4602358003472,ok
IMG_7875(1).HEIC,,,not_found
IMG_7875.HEIC,,,not_found
IMG_7877(1).HEIC,,,not_found
IMG_7878(1).HEIC,EAN13,4607041655303,ok
IMG_7878.HEIC,EAN13,4607041655303,ok
IMG_7877.HEIC,,,not_found
IMG_7880(1).HEIC,,,not_found
IMG_7880.HEIC,,,not_found
IMG_7879(1).HEIC,,,not_found
IMG_7879.HEIC,,,not_found
IMG_7882(1).HEIC,EAN13,4602358008064,ok
IMG_7882.HEIC,EAN13,4602358008064,ok
IMG_7881(1).HEIC,,,not_found
IMG_7881.HEIC,,,not_found
IMG_7883.HEIC,,,not_found
IMG_7883(1).HEIC,,,not_found
IMG_7884(1).HEIC,EAN13,4860019001810,ok
IMG_7884.HEIC,EAN13,4860019001810,ok
IMG_7886(1).HEIC,EAN13,4860019003104,ok
IMG_7886.HEIC,EAN13,4860019003104,ok
IMG_7885.HEIC,,,not_found
IMG_7885(1).HEIC,,,not_found
IMG_7888(1).HEIC,EAN13,4860019003081,ok
IMG_7888.HEIC,EAN13,4860019003081,ok
IMG_7887.HEIC,,,not_found
IMG_7887(1).HEIC,,,not_found
IMG_7890(1).HEIC,EAN13,4860019003043,ok
IMG_7890.HEIC,EAN13,4860019003043,ok
IMG_7889(1).HEIC,,,not_found
IMG_7889.HEIC,,,not_found
IMG_7892(1).HEIC,EAN13,4860019001346,ok
IMG_7892.HEIC,EAN13,4860019001346,ok
IMG_7891(1).HEIC,,,not_found
IMG_7891.HEIC,,,not_found
IMG_7894(1).HEIC,EAN13,4860019001339,ok
IMG_7894.HEIC,EAN13,4860019001339,ok
IMG_7893(1).HEIC,,,not_found
IMG_7893.HEIC,,,not_found
IMG_7896(1).HEIC,EAN13,4860019001414,ok
IMG_7896.HEIC,EAN13,4860019001414,ok
IMG_7895.HEIC,,,not_found
IMG_7895(1).HEIC,,,not_found
IMG_7898(1).HEIC,EAN13,4860019001353,ok
IMG_7898.HEIC,EAN13,4860019001353,ok
IMG_7897(1).HEIC,,,not_found
IMG_7899(1).HEIC,QRCode,https://clck.ru/3HKnYn,ok
IMG_7897.HEIC,,,not_found
IMG_7899.HEIC,QRCode,https://clck.ru/3HKnYn,ok
IMG_7901(1).HEIC,,,not_found
IMG_7901.HEIC,,,not_found
IMG_7900(1).HEIC,,,not_found
IMG_7900.HEIC,,,not_found
IMG_7903(1).HEIC,QRCode,https://clck.ru/3HQ6z7,ok
IMG_7903.HEIC,QRCode,https://clck.ru/3HQ6z7,ok
IMG_7902(1).HEIC,DataBar,10926048669207,ok
IMG_7902.HEIC,DataBar,10926048669207,ok
IMG_7905(1).HEIC,QRCode,https://clck.ru/3HQ6z7,ok
IMG_7905.HEIC,QRCode,https://clck.ru/3HQ6z7,ok
IMG_7904(1).HEIC,EAN13,4870002326172,ok
IMG_7904.HEIC,EAN13,4870002326172,ok
IMG_7906(1).HEIC,EAN13,4870001571030,ok
IMG_7907(1).HEIC,QRCode,https://clck.ru/3F2P5E,ok
IMG_7907.HEIC,QRCode,https://clck.ru/3F2P5E,ok
IMG_7906.HEIC,EAN13,4870001571030,ok
IMG_7908.HEIC,EAN13,4870001571030,ok
IMG_7908(1).HEIC,EAN13,4870001571030,ok
IMG_7910(1).HEIC,QRCode,https://tassay.ru/qr-water-kz,ok
IMG_7910.HEIC,QRCode,https://tassay.ru/qr-water-kz,ok
IMG_7909.HEIC,,,not_found
IMG_7909(1).HEIC,,,not_found
IMG_7912(1).HEIC,EAN13,4870234680219,ok
IMG_7912.HEIC,EAN13,4870234680219,ok
IMG_7911(1).HEIC,,,not_found
IMG_7911.HEIC,,,not_found
IMG_7914(1).HEIC,EAN13,4870071000218,ok
IMG_7914.HEIC,EAN13,4870071000218,ok
IMG_7913.HEIC,,,not_found
IMG_7913(1).HEIC,,,not_found
IMG_7916(1).HEIC,EAN13,4870234680332,ok
IMG_7916.HEIC,EAN13,4870234680332,ok
IMG_7915(1).HEIC,,,not_found
IMG_7915.HEIC,,,not_found
IMG_7918(1).HEIC,EAN13,4870234680349,ok
IMG_7918.HEIC,EAN13,4870234680349,ok
IMG_7917(1).HEIC,,,not_found
IMG_7917.HEIC,,,not_found
IMG_7920(1).HEIC,EAN13,4870234680950,ok
IMG_7920.HEIC,EAN13,4870234680950,ok
IMG_7919(1).HEIC,,,not_found
IMG_7919.HEIC,,,not_found
IMG_7922(1).HEIC,EAN13,4870234681377,ok
IMG_7922.HEIC,EAN13,4870234681377,ok
IMG_7921(1).HEIC,,,not_found
IMG_7921.HEIC,,,not_found
IMG_7924(1).HEIC,EAN13,4870234680219,ok
IMG_7924.HEIC,EAN13,4870234680219,ok
IMG_7923(1).HEIC,,,not_found
IMG_7923.HEIC,,,not_found
IMG_7926(1).HEIC,EAN13,4870234681377,ok
IMG_7926.HEIC,EAN13,4870234681377,ok
IMG_7925(1).HEIC,,,not_found
IMG_7925.HEIC,,,not_found
IMG_7928(1).HEIC,EAN13,4870234680219,ok
IMG_7928.HEIC,EAN13,4870234680219,ok
IMG_7927(1).HEIC,,,not_found
IMG_7927.HEIC,,,not_found
IMG_7930(1).HEIC,QRCode,https://tassay.ru/qr-water-kz,ok
IMG_7930.HEIC,QRCode,https://tassay.ru/qr-water-kz,ok
IMG_7929(1).HEIC,,,not_found
IMG_7929.HEIC,,,not_found
IMG_7932(1).HEIC,EAN13,4870071003806,ok
IMG_7932.HEIC,EAN13,4870071003806,ok
IMG_7931(1).HEIC,,,not_found
IMG_7931.HEIC,,,not_found
IMG_7934(1).HEIC,QRCode,https://tassay.ru/qr-water-kz,ok
IMG_7934.HEIC,QRCode,https://tassay.ru/qr-water-kz,ok
IMG_7933(1).HEIC,,,not_found
IMG_7933.HEIC,,,not_found
IMG_7936(1).HEIC,QRCode,https://tassay.ru/qr-water-kz,ok
IMG_7936.HEIC,QRCode,https://tassay.ru/qr-water-kz,ok
IMG_7935(1).HEIC,,,not_found
IMG_7935.HEIC,,,not_found
IMG_7938(1).HEIC,EAN13,4870234680943,ok
IMG_7938.HEIC,EAN13,4870234680943,ok
IMG_7937.HEIC,,,not_found
IMG_7937(1).HEIC,,,not_found
IMG_7940.HEIC,EAN13,4870234680226,ok
IMG_7940(1).HEIC,EAN13,4870234680226,ok
IMG_7939(1).HEIC,,,not_found
IMG_7939.HEIC,,,not_found
IMG_7942(1).HEIC,EAN13,4870234680240,ok
IMG_7942.HEIC,EAN13,4870234680240,ok
IMG_7941(1).HEIC,,,not_found
IMG_7941.HEIC,,,not_found
IMG_7943(1).HEIC,,,not_found
IMG_7944(1).HEIC,EAN13,4870234680226,ok
IMG_7944.HEIC,EAN13,4870234680226,ok
IMG_7943.HEIC,,,not_found
IMG_7946(1).HEIC,EAN13,4870234680226,ok
IMG_7946.HEIC,EAN13,4870234680226,ok
IMG_7945(1).HEIC,,,not_found
IMG_7945.HEIC,,,not_found
IMG_7948(1).HEIC,EAN13,4870234680943,ok
IMG_7947(1).HEIC,,,not_found
IMG_7948.HEIC,EAN13,4870234680943,ok
IMG_7947.HEIC,,,not_found
IMG_7950(1).HEIC,QRCode,https://tassay.ru/qr-water-kz,ok
IMG_7950.HEIC,QRCode,https://tassay.ru/qr-water-kz,ok
IMG_7949(1).HEIC,,,not_found
IMG_7949.HEIC,,,not_found
IMG_7951(1).HEIC,,,not_found
IMG_7952(1).HEIC,EAN13,4870001157913,ok
IMG_7951.HEIC,,,not_found
IMG_7952.HEIC,EAN13,4870001157913,ok
IMG_7954(1).HEIC,EAN13,4870001157937,ok
IMG_7954.HEIC,EAN13,4870001157937,ok
IMG_7953(1).HEIC,,,not_found
IMG_7953.HEIC,,,not_found
IMG_7956(1).HEIC,EAN13,4870002325441,ok
IMG_7956.HEIC,EAN13,4870002325441,ok
IMG_7955.HEIC,,,not_found
IMG_7955(1).HEIC,,,not_found
IMG_7958(1).HEIC,EAN13,4870002328404,ok
IMG_7958.HEIC,EAN13,4870002328404,ok
IMG_7957(1).HEIC,,,not_found
IMG_7957.HEIC,,,not_found
IMG_7960(1).HEIC,EAN13,4870001571023,ok
IMG_7960.HEIC,EAN13,4870001571023,ok
IMG_7959(1).HEIC,,,not_found
IMG_7959.HEIC,,,not_found
IMG_7961(1).HEIC,QRCode,https://clck.ru/3HQ6z7,ok
IMG_7961.HEIC,QRCode,https://clck.ru/3HQ6z7,ok
IMG_7962(1).HEIC,EAN13,4870002325441,ok
IMG_7962.HEIC,EAN13,4870002325441,ok
IMG_7963(1).HEIC,QRCode,https://clck.ru/3HKnYn,ok
IMG_7963.HEIC,QRCode,https://clck.ru/3HKnYn,ok
IMG_7964(1).HEIC,EAN13,4870001159955,ok
IMG_7964.HEIC,EAN13,4870001159955,ok
IMG_7967(1).HEIC,QRCode,https://clck.ru/3HQ6z7,ok
IMG_7966.HEIC,EAN13,4870001159948,ok
IMG_7965(1).HEIC,,,not_found
IMG_7967.HEIC,QRCode,https://clck.ru/3HQ6z7,ok
IMG_7965.HEIC,,,not_found
IMG_7968.HEIC,EAN13,4870001571030,ok
IMG_7969(1).HEIC,QRCode,https://clck.ru/3F2P5E,ok
IMG_7969.HEIC,QRCode,https://clck.ru/3F2P5E,ok
IMG_7970.HEIC,EAN13,4870001571030,ok
IMG_7972.HEIC,EAN13,4870001571573,ok
IMG_7974.HEIC,EAN13,4870035006706,ok
IMG_7971.HEIC,,,not_found
IMG_7976(1).HEIC,EAN13,4870035000926,ok
IMG_7973.HEIC,,,not_found
IMG_7976.HEIC,EAN13,4870035000926,ok
IMG_7975.HEIC,,,not_found
IMG_7978(1).HEIC,EAN8,48705011,ok
IMG_7978.HEIC,EAN8,48705011,ok
IMG_7977(1).HEIC,,,not_found
IMG_7977.HEIC,,,not_found
IMG_7980(1).HEIC,DataMatrix,44311128,ok
IMG_7980.HEIC,DataMatrix,44311128,ok
IMG_7979(1).HEIC,,,not_found
IMG_7979.HEIC,,,not_found
IMG_7982(1).HEIC,DataMatrix,44311138,ok
IMG_7982.HEIC,DataMatrix,44311138,ok
IMG_7981(1).HEIC,,,not_found
IMG_7981.HEIC,,,not_found
IMG_7984(1).HEIC,QRCode,http://chudozero.ru/?utm_source=upakovka&utm_medium=slivki&utm_campaign=0.5&utm_content=22,ok
IMG_7984.HEIC,QRCode,http://chudozero.ru/?utm_source=upakovka&utm_medium=slivki&utm_campaign=0.5&utm_content=22,ok
IMG_7983(1).HEIC,,,not_found
IMG_7983.HEIC,,,not_found
IMG_7986(1).HEIC,QRCode,http://chudozero.ru/?utm_source=upakovka&utm_medium=slivki&utm_campaign=0.5&utm_content=22,ok
IMG_7986.HEIC,QRCode,http://chudozero.ru/?utm_source=upakovka&utm_medium=slivki&utm_campaign=0.5&utm_content=22,ok
IMG_7985(1).HEIC,,,not_found
IMG_7985.HEIC,,,not_found
IMG_7988(1).HEIC,EAN13,4600765027227,ok
IMG_7988.HEIC,EAN13,4600765027227,ok
IMG_7987(1).HEIC,,,not_found
IMG_7987.HEIC,,,not_found
IMG_7990(1).HEIC,EAN13,4600765027616,ok
IMG_7990.HEIC,EAN13,4600765027616,ok
IMG_7989(1).HEIC,,,not_found
IMG_7989.HEIC,,,not_found
IMG_7992(1).HEIC,EAN13,4600765026008,ok
IMG_7992.HEIC,EAN13,4600765026008,ok
IMG_7991(1).HEIC,,,not_found
IMG_7991.HEIC,,,not_found
IMG_7994(1).HEIC,EAN13,4600765025995,ok
IMG_7994.HEIC,EAN13,4600765025995,ok
IMG_7993(1).HEIC,,,not_found
IMG_7993.HEIC,,,not_found
IMG_7996(1).HEIC,EAN13,4601662006490,ok
IMG_7996.HEIC,EAN13,4601662006490,ok
IMG_7995(1).HEIC,,,not_found
IMG_7995.HEIC,,,not_found
IMG_7998(1).HEIC,EAN13,8850813910087,ok
IMG_7997(1).HEIC,,,not_found
IMG_7998.HEIC,EAN13,8850813910087,ok
IMG_7997.HEIC,,,not_found
IMG_8001(1).HEIC,EAN13,4870001546489,ok
IMG_8001.HEIC,EAN13,4870001546489,ok
IMG_7999(1).HEIC,,,not_found
IMG_7999.HEIC,,,not_found
IMG_8029(1).HEIC,EAN13,7622201459826,ok
IMG_8029.HEIC,EAN13,7622201459826,ok
IMG_8028(1).HEIC,,,not_found
IMG_8028.HEIC,,,not_found
IMG_8031(1).HEIC,EAN13,4603825000932,ok
IMG_8031.HEIC,EAN13,4603825000932,ok
IMG_8030(1).HEIC,,,not_found
IMG_8030.HEIC,,,not_found
IMG_8033(1).HEIC,EAN13,4603825001113,ok
IMG_8033.HEIC,EAN13,4603825001113,ok
IMG_8032(1).HEIC,,,not_found
IMG_8032.HEIC,,,not_found
IMG_8035(1).HEIC,EAN13,4603825001434,ok
IMG_8035.HEIC,EAN13,4603825001434,ok
IMG_8034(1).HEIC,,,not_found
IMG_8034.HEIC,,,not_found
IMG_8037(1).HEIC,EAN8,40084176,ok
IMG_8037.HEIC,EAN8,40084176,ok
IMG_8036(1).HEIC,,,not_found
IMG_8036.HEIC,,,not_found
IMG_8039(1).HEIC,EAN8,80052463,ok
IMG_8039.HEIC,EAN8,80052463,ok
IMG_8038(1).HEIC,,,not_found
IMG_8038.HEIC,,,not_found
IMG_8041(1).HEIC,EAN13,7622210832498,ok
IMG_8041.HEIC,EAN13,7622210832498,ok
IMG_8040(1).HEIC,,,not_found
IMG_8040.HEIC,,,not_found
IMG_9442.HEIC,EAN13,8427894009797,ok
IMG_9444.HEIC,EAN13,8427894009735,ok
IMG_9441.HEIC,DataBar,4668858309407,ok
IMG_9446.HEIC,EAN13,8427894009704,ok
IMG_9443.HEIC,,,not_found
IMG_9445.HEIC,DataBar,7345897584107,ok
IMG_9447.HEIC,,,not_found
IMG_9450.HEIC,EAN13,8427894009711,ok
IMG_9448.HEIC,,,not_found
IMG_9452.HEIC,EAN13,8427894009728,ok
IMG_9449.HEIC,,,not_found
IMG_9454.HEIC,MicroQRCode,307242023046002000000,ok
IMG_9456.HEIC,EAN13,4860038001068,ok
IMG_9451.HEIC,,,not_found
IMG_9453.HEIC,,,not_found
IMG_9455.HEIC,DataBar,54097791569398,ok
IMG_9458.HEIC,EAN13,4860038001075,ok
IMG_9457.HEIC,,,not_found
IMG_9460.HEIC,,,not_found
IMG_9459.HEIC,,,not_found
IMG_9462.HEIC,MicroQRCode,608242023046002000000,ok
IMG_9461.HEIC,,,not_found
IMG_9466.HEIC,EAN13,4870044000962,ok
IMG_9464.HEIC,,,not_found
IMG_9463.HEIC,,,not_found
IMG_9465.HEIC,,,not_found
IMG_9468.HEIC,EAN13,4870044006063,ok
IMG_9470.HEIC,EAN13,4870044004762,ok
IMG_9467.HEIC,,,not_found
IMG_9472.HEIC,EAN13,4870044005394,ok
IMG_9469.HEIC,,,not_found
IMG_9473.HEIC,DataBar,96420551706386,ok
IMG_9474.HEIC,EAN13,4870044004946,ok
IMG_9471.HEIC,,,not_found
IMG_9478.HEIC,EAN13,4870044004939,ok
IMG_9477.HEIC,DataBar,71514539592731,ok
IMG_9480.HEIC,EAN13,4870044005240,ok
IMG_9475.HEIC,,,not_found
IMG_9482.HEIC,EAN13,4870044005233,ok
IMG_9479.HEIC,,,not_found
IMG_9484.HEIC,EAN13,4870044005233,ok
IMG_9483.HEIC,DataBar,13031467558692,ok
IMG_9481.HEIC,,,not_found
IMG_9486.HEIC,EAN13,8030810014746,ok
IMG_9485.HEIC,DataBar,8532561668624,ok
IMG_9488.HEIC,EAN13,8030810074153,ok
IMG_9490.HEIC,EAN13,4870213930502,ok
IMG_9489.HEIC,,,not_found
IMG_9492.HEIC,EAN13,4870213930670,ok
IMG_9487.HEIC,,,not_found
IMG_9494.HEIC,EAN13,4870213932810,ok
IMG_9491.HEIC,,,not_found
IMG_9496.HEIC,EAN13,4870004174221,ok
IMG_9493.HEIC,,,not_found
IMG_9495.HEIC,,,not_found
IMG_9498.HEIC,EAN13,4870031007059,ok
IMG_9497.HEIC,,,not_found
IMG_9500.HEIC,EAN13,4870244500316,ok
IMG_9501.HEIC,EAN13,4870001304225,ok
IMG_9502.HEIC,EAN13,4870001304225,ok
IMG_9499.HEIC,,,not_found
IMG_9504.HEIC,EAN13,4870213930021,ok
IMG_9506.HEIC,EAN13,4870213930281,ok
IMG_9503.HEIC,,,not_found
IMG_9508.HEIC,EAN13,4870031007851,ok
IMG_9505.HEIC,,,not_found
IMG_9507.HEIC,,,not_found
IMG_9510.HEIC,EAN13,4870001304270,ok
IMG_9512.HEIC,EAN13,4870213932476,ok
IMG_9509.HEIC,,,not_found
IMG_9514.HEIC,EAN13,4870001304041,ok
IMG_9511.HEIC,,,not_found
IMG_9513.HEIC,,,not_found
IMG_9517.HEIC,EAN13,4870001304546,ok
IMG_9518.HEIC,EAN13,4870001304546,ok
IMG_9519.HEIC,EAN13,4870001304218,ok
IMG_9515.HEIC,,,not_found
IMG_9516.HEIC,,,not_found
IMG_9520.HEIC,EAN13,4870001304218,ok
IMG_9522.HEIC,EAN13,4870001304034,ok
IMG_9521.HEIC,EAN13,4870001304034,ok
IMG_9524.HEIC,EAN13,4870244500941,ok
IMG_9526.HEIC,EAN13,4870213932438,ok
IMG_9525.HEIC,EAN13,4870213932438,ok
IMG_9523.HEIC,,,not_found
IMG_9528.HEIC,EAN13,4870031000678,ok
IMG_9530.HEIC,EAN13,4860038077681,ok
IMG_9527.HEIC,,,not_found
IMG_9529.HEIC,,,not_found
IMG_9532.HEIC,MicroQRCode,3007242023046000000000,ok
IMG_9534.HEIC,MicroQRCode,705242022046002000000,ok
IMG_9531.HEIC,,,not_found
IMG_9536.HEIC,EAN13,4860038001099,ok
IMG_9533.HEIC,,,not_found
IMG_9535.HEIC,,,not_found
IMG_9538.HEIC,EAN13,4860038000160,ok
IMG_9537.HEIC,,,not_found
IMG_9540.HEIC,EAN13,4870009003533,ok
IMG_9542.HEIC,EAN13,4870009003540,ok
IMG_9539.HEIC,,,not_found
IMG_9541.HEIC,DataBar,36045815161602,ok
IMG_9544.HEIC,EAN13,4870044006056,ok
IMG_9546.HEIC,EAN13,8003325601374,ok
IMG_9543.HEIC,,,not_found
IMG_9548.HEIC,EAN13,8003325003406,ok
IMG_9545.HEIC,,,not_found
IMG_9550.HEIC,EAN13,8003325532036,ok
IMG_9552.HEIC,EAN13,8000548005033,ok
IMG_9547.HEIC,,,not_found
IMG_9549.HEIC,,,not_found
IMG_9554.HEIC,EAN13,8000548005088,ok
IMG_9556.HEIC,EAN13,8009483006297,ok
IMG_9553.HEIC,,,not_found
IMG_9555.HEIC,DataBar,8403392472172,ok
IMG_9559.HEIC,EAN13,4870071000256,ok
IMG_9557.HEIC,,,not_found
IMG_9558.HEIC,QRCode,https://u-label.io/01/08009483006495/22/87ngsj-01602090,ok
IMG_9560.HEIC,EAN13,4870071000256,ok
IMG_9561.HEIC,EAN13,4870001571320,ok
IMG_9562.HEIC,EAN13,4870001571320,ok
IMG_9567.HEIC,EAN13,4690388116408,ok
IMG_9563.HEIC,,,not_found
IMG_9565.HEIC,,,not_found
IMG_9566.HEIC,,,not_found
IMG_9569.HEIC,EAN13,4690388123802,ok
IMG_9571.HEIC,EAN13,4690388124502,ok
IMG_9568.HEIC,,,not_found
IMG_9570.HEIC,,,not_found
IMG_9572.HEIC,,,not_found
IMG_9573.HEIC,,,not_found
IMG_9575.HEIC,EAN13,4690388105617,ok
IMG_9574.HEIC,,,not_found
IMG_9577.HEIC,EAN13,4640238870349,ok
IMG_9579.HEIC,EAN13,4690388110130,ok
IMG_9576.HEIC,,,not_found
IMG_9578.HEIC,,,not_found
IMG_9581.HEIC,EAN13,4690388104566,ok
IMG_9580.HEIC,,,not_found
IMG_9583.HEIC,EAN13,4690388105518,ok
IMG_9582.HEIC,DataBar,7076758457819,ok
IMG_9585.HEIC,EAN13,4690388117238,ok
IMG_9587.HEIC,EAN13,4690388008079,ok
IMG_9584.HEIC,,,not_found
IMG_9589.HEIC,EAN13,4690388118150,ok
IMG_9588.HEIC,DataBar,52889094227905,ok
IMG_9586.HEIC,,,not_found
IMG_9591.HEIC,EAN13,4690388008062,ok
IMG_9593.HEIC,EAN13,4690388117238,ok
IMG_9590.HEIC,,,not_found
IMG_9595.HEIC,EAN13,4690388013653,ok
IMG_9592.HEIC,,,not_found
IMG_9594.HEIC,,,not_found
IMG_9597.HEIC,EAN13,4870235682038,ok
IMG_9599.HEIC,EAN13,4870235681376,ok
IMG_9596.HEIC,,,not_found
IMG_9601.HEIC,EAN13,4870235680546,ok
IMG_9598.HEIC,,,not_found
IMG_9603.HEIC,EAN13,4870235681369,ok
IMG_9600.HEIC,,,not_found
IMG_9605.HEIC,EAN13,4870235681406,ok
IMG_9602.HEIC,,,not_found
IMG_9607.HEIC,EAN13,4870235681383,ok
IMG_9604.HEIC,,,not_found
IMG_9608.HEIC,QRCode,http://ru.disai.org/barcode/ean-13/4873720048326,ok
IMG_9609.HEIC,QRCode,http://ru.disai.org/barcode/ean-13/4873720048326,ok
IMG_9606.HEIC,,,not_found
IMG_9610.HEIC,DataBar,1231501065802,ok
IMG_9611.HEIC,EAN13,4870212680637,ok
IMG_9613.HEIC,EAN13,4870242900408,ok
IMG_9614.HEIC,DataBar,4275198902405,ok
IMG_9615.HEIC,QRCode,http://ru.disai.org/barcode/ean-13/4873720048319,ok
IMG_9612.HEIC,DataBar,35339214685007,ok
IMG_9617.HEIC,UPCA,796554334158,ok
IMG_9619.HEIC,UPCA,769503777733,ok
IMG_9616.HEIC,,,not_found
IMG_9618.HEIC,,,not_found
IMG_9620.HEIC,,,not_found
IMG_9621.HEIC,,,not_found
IMG_9622.HEIC,,,not_found
IMG_9625.HEIC,EAN13,4660085511462,ok
IMG_9623.HEIC,,,not_found
IMG_9624.HEIC,,,not_found
IMG_9627.HEIC,EAN13,4660085511509,ok
IMG_9629.HEIC,EAN8,46153715,ok
IMG_9626.HEIC,,,not_found
IMG_9631.HEIC,EAN8,46146632,ok
IMG_9628.HEIC,,,not_found
IMG_9630.HEIC,,,not_found
IMG_9633.HEIC,EAN8,46146625,ok
IMG_9632.HEIC,,,not_found
IMG_9635.HEIC,EAN8,46196613,ok
IMG_9634.HEIC,,,not_found
IMG_9637.HEIC,EAN8,46153708,ok
IMG_9639.HEIC,EAN8,50173976,ok
IMG_9636.HEIC,,,not_found
IMG_9641.HEIC,EAN8,50173617,ok
IMG_9643.HEIC,EAN8,50173822,ok
IMG_9638.HEIC,,,not_found
IMG_9640.HEIC,,,not_found
IMG_9645.HEIC,EAN8,42069942,ok
IMG_9647.HEIC,EAN8,46141538,ok
IMG_9644.HEIC,,,not_found
IMG_9646.HEIC,,,not_found
IMG_9649.HEIC,EAN8,42113270,ok
IMG_9648.HEIC,,,not_found
IMG_9651.HEIC,EAN8,40099484,ok
IMG_9653.HEIC,EAN8,42101901,ok
IMG_9650.HEIC,,,not_found
IMG_9652.HEIC,,,not_found
IMG_9655.HEIC,EAN8,46107084,ok
IMG_9657.HEIC,EAN8,46236197,ok
IMG_9654.HEIC,,,not_found
IMG_9659.HEIC,EAN8,46249876,ok
IMG_9656.HEIC,,,not_found
IMG_9658.HEIC,,,not_found
IMG_9661.HEIC,EAN8,42203100,ok
IMG_9663.HEIC,EAN8,46116482,ok
IMG_9660.HEIC,,,not_found
IMG_9665.HEIC,EAN8,50173808,ok
IMG_9662.HEIC,,,not_found
IMG_9664.HEIC,,,not_found
IMG_9667.HEIC,EAN8,42113164,ok
IMG_9666.HEIC,,,not_found
IMG_9669.HEIC,EAN8,42124016,ok
IMG_9668.HEIC,,,not_found
IMG_9671.HEIC,EAN13,8887290103008,ok
IMG_9673.HEIC,EAN13,8887290101004,ok
IMG_9670.HEIC,,,not_found
IMG_9672.HEIC,,,not_found
IMG_9675.HEIC,EAN13,4607065736965,ok
IMG_9674.HEIC,,,not_found
IMG_9677.HEIC,EAN13,4607065001445,ok
IMG_9679.HEIC,EAN13,4011100977624,ok
IMG_9676.HEIC,,,not_found
IMG_9678.HEIC,,,not_found
IMG_9681.HEIC,EAN13,4607065730109,ok
IMG_9683.HEIC,EAN13,4607065735425,ok
IMG_9680.HEIC,,,not_found
IMG_9682.HEIC,,,not_found
IMG_9685.HEIC,EAN13,4660085515163,ok
IMG_9684.HEIC,,,not_found
IMG_9687.HEIC,EAN13,4011100091993,ok
IMG_9686.HEIC,,,not_found
IMG_9689.HEIC,EAN13,8000500224281,ok
IMG_9688.HEIC,,,not_found
IMG_9691.HEIC,EAN13,5000159439480,ok
IMG_9693.HEIC,EAN13,4607065738310,ok
IMG_9690.HEIC,,,not_found
IMG_9695.HEIC,EAN13,5900020023308,ok
IMG_9692.HEIC,,,not_found
IMG_9694.HEIC,,,not_found
IMG_9697.HEIC,EAN13,4011100091108,ok
IMG_9699.HEIC,EAN13,5000159390729,ok
IMG_9696.HEIC,,,not_found
IMG_9701.HEIC,EAN13,5000159381178,ok
IMG_9698.HEIC,,,not_found
IMG_9703.HEIC,EAN13,4011100977952,ok
IMG_9702.HEIC,DataBar,2477986130171,ok
IMG_9700.HEIC,,,not_found
IMG_9705.HEIC,EAN13,6221134013320,ok
IMG_9707.HEIC,EAN13,8682718457967,ok
IMG_9704.HEIC,,,not_found
IMG_9709.HEIC,EAN8,46247919,ok
IMG_9706.HEIC,,,not_found
IMG_9711.HEIC,EAN13,8851869350308,ok
IMG_9708.HEIC,DataBar,98257220091218,ok
IMG_9710.HEIC,,,not_found
IMG_9713.HEIC,EAN13,4690329016262,ok
IMG_9715.HEIC,EAN13,4870004425217,ok
IMG_9712.HEIC,,,not_found
IMG_9714.HEIC,,,not_found
IMG_9717.HEIC,EAN8,40144313,ok
IMG_9719.HEIC,EAN8,40144146,ok
IMG_9716.HEIC,,,not_found
IMG_9721.HEIC,EAN8,46268471,ok
IMG_9718.HEIC,,,not_found
IMG_9723.HEIC,EAN13,4602606003728,ok
IMG_9720.HEIC,,,not_found
IMG_9722.HEIC,,,not_found
IMG_9725.HEIC,DataMatrix,274507,ok
IMG_9727.HEIC,EAN13,4600680029429,ok
IMG_9724.HEIC,,,not_found
IMG_9726.HEIC,,,not_found
IMG_9729.HEIC,EAN13,4600680029429,ok
IMG_9728.HEIC,,,not_found
IMG_9731.HEIC,EAN13,4602606017671,ok
IMG_9733.HEIC,EAN13,4602606003728,ok
IMG_9735.HEIC,EAN8,42203223,ok
IMG_9730.HEIC,,,not_found
IMG_9737.HEIC,EAN8,46226921,ok
IMG_9736.HEIC,,,not_found
IMG_9734.HEIC,,,not_found
IMG_9739.HEIC,EAN8,46226938,ok
IMG_9741.HEIC,EAN8,46226907,ok
IMG_9738.HEIC,,,not_found
IMG_9743.HEIC,EAN8,46220714,ok
IMG_9740.HEIC,,,not_found
IMG_9742.HEIC,,,not_found
IMG_9745.HEIC,EAN8,46220721,ok
IMG_9746.HEIC,QRCode,https://www.smart174.ru/actions/?utm_source=pack&utm_medium=qr&utm_campaign=ap&utm_content=k&utm_term=kop,ok
IMG_9744.HEIC,,,not_found
IMG_9747.HEIC,EAN13,4630007401423,ok
IMG_9749.HEIC,EAN13,4014400901191,ok
IMG_9751.HEIC,EAN13,4014400901405,ok
IMG_9748.HEIC,,,not_found
IMG_9753.HEIC,EAN13,4014400930702,ok
IMG_9750.HEIC,DataBar,34175575638341,ok
IMG_9752.HEIC,,,not_found
IMG_9755.HEIC,EAN13,4870200143748,ok
IMG_9757.HEIC,EAN13,4870036001205,ok
IMG_9756.HEIC,DataBar,87822273318526,ok
IMG_9754.HEIC,,,not_found
IMG_9759.HEIC,EAN13,4870028006041,ok
IMG_9760.HEIC,QRCode,https://hrutka.ru/d4,ok
IMG_9761.HEIC,EAN13,4600680033068,ok
IMG_9758.HEIC,,,not_found
IMG_9763.HEIC,EAN13,7622201695958,ok
IMG_9765.HEIC,EAN13,7622202395727,ok
IMG_9762.HEIC,,,not_found
IMG_9767.HEIC,EAN13,7622201696078,ok
IMG_9764.HEIC,,,not_found
IMG_9766.HEIC,,,not_found
IMG_9769.HEIC,EAN13,7622202395659,ok
IMG_9771.HEIC,EAN13,7622202035371,ok
IMG_9768.HEIC,,,not_found
IMG_9773.HEIC,EAN13,7622202035432,ok
IMG_9770.HEIC,,,not_found
IMG_9772.HEIC,,,not_found
IMG_9775.HEIC,EAN13,7622202035432,ok
IMG_9774.HEIC,,,not_found
IMG_9776.HEIC,,,not_found
IMG_9779.HEIC,EAN13,7622202035401,ok
IMG_9777.HEIC,,,not_found
IMG_9778.HEIC,,,not_found
IMG_9781.HEIC,EAN13,7622202035463,ok
IMG_9783.HEIC,EAN13,7622202035494,ok
IMG_9780.HEIC,,,not_found
IMG_9785.HEIC,EAN13,7622202397318,ok
IMG_9782.HEIC,,,not_found
IMG_9784.HEIC,,,not_found
IMG_9787.HEIC,EAN13,7622202394669,ok
IMG_9789.HEIC,EAN13,3800020492901,ok
IMG_9786.HEIC,,,not_found
IMG_9791.HEIC,EAN13,3800020453407,ok
IMG_9788.HEIC,,,not_found
IMG_9790.HEIC,,,not_found
IMG_9793.HEIC,EAN13,3800020453414,ok
IMG_9795.HEIC,EAN13,8935001727996,ok
IMG_9792.HEIC,,,not_found
IMG_9797.HEIC,EAN13,8682718459008,ok
IMG_9794.HEIC,,,not_found
IMG_9796.HEIC,,,not_found
IMG_9799.HEIC,EAN8,40052403,ok
IMG_9801.HEIC,EAN8,80741251,ok
IMG_9798.HEIC,,,not_found
IMG_9800.HEIC,,,not_found
IMG_9803.HEIC,EAN8,80741244,ok
IMG_9805.HEIC,EAN8,80310891,ok
IMG_9802.HEIC,,,not_found
IMG_9804.HEIC,,,not_found
IMG_9807.HEIC,EAN8,80310891,ok
IMG_9806.HEIC,,,not_found
IMG_9809.HEIC,EAN13,4600680027463,ok
IMG_9811.HEIC,EAN13,4600680025445,ok
IMG_9808.HEIC,,,not_found
IMG_9813.HEIC,EAN8,80177609,ok
IMG_9810.HEIC,,,not_found
IMG_9812.HEIC,,,not_found
IMG_9815.HEIC,EAN8,46003553,ok
IMG_9814.HEIC,,,not_found
IMG_9817.HEIC,EAN8,46025418,ok
IMG_9819.HEIC,EAN13,7622201711825,ok
IMG_9816.HEIC,,,not_found
IMG_9821.HEIC,EAN13,7622210336743,ok
IMG_9818.HEIC,,,not_found
IMG_9823.HEIC,EAN13,7622210858580,ok
IMG_9820.HEIC,,,not_found
IMG_9825.HEIC,EAN13,7622210336729,ok
IMG_9822.HEIC,,,not_found
IMG_9824.HEIC,,,not_found
IMG_9827.HEIC,EAN13,4670082502950,ok
IMG_9826.HEIC,,,not_found
IMG_9829.HEIC,EAN13,5900951315084,ok
IMG_9828.HEIC,,,not_found
IMG_9831.HEIC,EAN13,4607065000868,ok
IMG_9830.HEIC,,,not_found
IMG_9832.HEIC,,,not_found
IMG_9835.HEIC,EAN13,4607065731755,ok
IMG_9833.HEIC,EAN13,4607065000790,ok
IMG_9837.HEIC,EAN13,7622210375735,ok
IMG_9834.HEIC,,,not_found
IMG_9839.HEIC,EAN13,7622210375674,ok
IMG_9836.HEIC,,,not_found
IMG_9841.HEIC,EAN13,7622202206191,ok
IMG_9840.HEIC,QRCode,https://qremg.com/Oreo_95g_Strawberry,ok
IMG_9838.HEIC,,,not_found
IMG_9845.HEIC,EAN13,8801038595962,ok
IMG_9842.HEIC,,,not_found
IMG_9843.HEIC,,,not_found
IMG_9844.HEIC,,,not_found
IMG_9850.HEIC,EAN13,6900241400369,ok
IMG_9852.HEIC,EAN13,8801038593210,ok
IMG_9849.HEIC,,,not_found
IMG_9854.HEIC,EAN13,3014260263331,ok
IMG_9851.HEIC,,,not_found
IMG_9856.HEIC,EAN8,46164292,ok
IMG_9853.HEIC,,,not_found
IMG_9858.HEIC,EAN8,57023861,ok
IMG_9855.HEIC,,,not_found
IMG_9857.HEIC,,,not_found
IMG_9860.HEIC,EAN8,46165411,ok
IMG_9859.HEIC,,,not_found
IMG_9862.HEIC,EAN13,7622201677367,ok
IMG_9861.HEIC,,,not_found
IMG_9864.HEIC,EAN13,7622201677404,ok
IMG_9866.HEIC,EAN13,7622202228865,ok
IMG_9863.HEIC,,,not_found
IMG_9865.HEIC,,,not_found
IMG_9868.HEIC,EAN8,46227737,ok
IMG_9870.HEIC,EAN13,8000500191712,ok
IMG_9867.HEIC,,,not_found
IMG_9869.HEIC,,,not_found
IMG_9872.HEIC,EAN8,57023663,ok
IMG_9874.HEIC,EAN13,4008400399324,ok
IMG_9871.HEIC,,,not_found
IMG_9873.HEIC,,,not_found
IMG_9876.HEIC,EAN13,7622202228896,ok
IMG_9875.HEIC,,,not_found
IMG_9878.HEIC,EAN13,7622201731854,ok
IMG_9877.HEIC,,,not_found
IMG_9879.HEIC,,,not_found
IMG_9882.HEIC,EAN8,46103536,ok
IMG_9880.HEIC,,,not_found
IMG_9881.HEIC,,,not_found
IMG_9884.HEIC,EAN8,46103550,ok
IMG_9886.HEIC,EAN8,46103499,ok
IMG_9883.HEIC,,,not_found
IMG_9888.HEIC,EAN8,46190369,ok
IMG_9885.HEIC,,,not_found
IMG_9887.HEIC,,,not_found
IMG_9890.HEIC,EAN8,57027906,ok
IMG_9892.HEIC,EAN8,46187857,ok
IMG_9889.HEIC,,,not_found
IMG_9891.HEIC,,,not_found
IMG_9894.HEIC,EAN8,57027913,ok
IMG_9896.HEIC,EAN8,46103451,ok
IMG_9893.HEIC,,,not_found
IMG_9898.HEIC,EAN8,46103536,ok
IMG_9895.HEIC,,,not_found
IMG_9900.HEIC,EAN13,7622201429959,ok
IMG_9897.HEIC,,,not_found
IMG_9902.HEIC,EAN8,46103611,ok
IMG_9899.HEIC,,,not_found
IMG_9901.HEIC,,,not_found
IMG_9904.HEIC,EAN8,46187857,ok
IMG_9903.HEIC,,,not_found
IMG_9906.HEIC,EAN8,46078483,ok
IMG_9908.HEIC,EAN13,7622202049415,ok
IMG_9905.HEIC,,,not_found
IMG_9907.HEIC,,,not_found
IMG_9910.HEIC,EAN13,7622202049439,ok
IMG_9909.HEIC,,,not_found
IMG_9912.HEIC,EAN13,7622202049392,ok
IMG_9911.HEIC,,,not_found
IMG_9914.HEIC,EAN8,46234964,ok
IMG_9913.HEIC,,,not_found
IMG_9918.HEIC,EAN13,6939639500398,ok
IMG_9915.HEIC,,,not_found
IMG_9916.HEIC,,,not_found
IMG_9917.HEIC,,,not_found
IMG_9920.HEIC,EAN13,6939639500398,ok
IMG_9922.HEIC,EAN13,3086120600044,ok
IMG_9919.HEIC,,,not_found
IMG_9921.HEIC,,,not_found
IMG_9923.HEIC,,,not_found
IMG_9926.HEIC,EAN13,4870202670907,ok
IMG_9924.HEIC,,,not_found
IMG_9928.HEIC,EAN13,4607103840142,ok
IMG_9925.HEIC,,,not_found
IMG_9930.HEIC,EAN13,8699478222605,ok
IMG_9927.HEIC,,,not_found
IMG_9932.HEIC,UPCA,669318211036,ok
IMG_9929.HEIC,,,not_found
IMG_9931.HEIC,,,not_found
IMG_9934.HEIC,EAN13,4870246880515,ok
IMG_9933.HEIC,,,not_found
IMG_9936.HEIC,EAN13,8801116052684,ok
IMG_9938.HEIC,EAN13,8801116052707,ok
IMG_9935.HEIC,,,not_found
IMG_9937.HEIC,,,not_found
IMG_9940.HEIC,EAN13,8801116043316,ok
IMG_9939.HEIC,,,not_found
IMG_9942.HEIC,EAN13,8801116034215,ok
IMG_9941.HEIC,,,not_found
IMG_9943.HEIC,,,not_found
IMG_9946.HEIC,EAN13,8801116037841,ok
IMG_9944.HEIC,,,not_found
IMG_9945.HEIC,,,not_found
IMG_9948.HEIC,EAN13,8801116034277,ok
IMG_9950.HEIC,EAN13,8801116046843,ok
IMG_9949.HEIC,,,not_found
IMG_9947.HEIC,,,not_found
IMG_9951.HEIC,,,not_found
IMG_9952.HEIC,,,not_found
IMG_9953.HEIC,,,not_found
IMG_9954.HEIC,,,not_found
IMG_9955.HEIC,,,not_found
IMG_9958.HEIC,EAN13,4640030091225,ok
IMG_9956.HEIC,,,not_found
IMG_9960.HEIC,EAN13,4640030091188,ok
IMG_9957.HEIC,,,not_found
IMG_9959.HEIC,,,not_found
IMG_9962.HEIC,,,not_found
IMG_9961.HEIC,,,not_found
IMG_9964.HEIC,EAN13,4640030091300,ok
IMG_9966.HEIC,EAN13,4640030091201,ok
IMG_9963.HEIC,,,not_found
IMG_9968.HEIC,EAN13,4640030093380,ok
IMG_9965.HEIC,,,not_found
IMG_9967.HEIC,,,not_found
IMG_9970.HEIC,EAN13,4640030093175,ok
IMG_9972.HEIC,EAN13,4640030093717,ok
IMG_9969.HEIC,,,not_found
IMG_9971.HEIC,,,not_found
IMG_9973.HEIC,,,not_found
IMG_9974.HEIC,,,not_found
IMG_9975.HEIC,,,not_found
IMG_9976.HEIC,,,not_found
IMG_9977.HEIC,,,not_found
IMG_9978.HEIC,,,not_found
IMG_9980.HEIC,EAN13,4640030092147,ok
IMG_9979.HEIC,,,not_found
IMG_9982.HEIC,EAN13,4870252870487,ok
IMG_9984.HEIC,EAN13,4640030092192,ok
IMG_9981.HEIC,,,not_found
IMG_9983.HEIC,,,not_found
IMG_9985.HEIC,,,not_found
IMG_9988.HEIC,EAN13,8801116037131,ok
IMG_9986.HEIC,,,not_found
IMG_9987.HEIC,,,not_found
IMG_9990.HEIC,EAN13,8801116037100,ok
IMG_9992.HEIC,EAN13,4006396046499,ok
IMG_9989.HEIC,,,not_found
IMG_9994.HEIC,EAN13,4006396046529,ok
IMG_9991.HEIC,,,not_found
IMG_9993.HEIC,,,not_found
IMG_9996.HEIC,EAN13,4006396058195,ok
IMG_9998.HEIC,EAN13,4006396046192,ok
IMG_9995.HEIC,,,not_found
IMG_9997.HEIC,,,not_found
IMG_9999.HEIC,,,not_found
