file,symbology,barcode,status,name,productDesc,category,brand,productImg
IMG_0001.HEIC,EAN13,4006396102676,ok,,,,,
IMG_0005.HEIC,EAN13,4006396050311,ok,,,,,
IMG_0007.HEIC,EAN13,4006396102560,ok,,,,,
IMG_0009.HEIC,EAN8,48745932,ok,,,,,
IMG_0011.HEIC,EAN8,48745925,ok,,,,,
IMG_0013.HEIC,EAN8,48747226,ok,,,,,
IMG_0019.HEIC,EAN8,48747363,ok,,,,,
IMG_0021.HEIC,EAN8,48744119,ok,,,,,
IMG_0023.HEIC,EAN8,48744935,ok,,,,,
IMG_0025.HEIC,EAN8,48747752,ok,,,,,
IMG_0027.HEIC,EAN8,48747745,ok,,,,,
IMG_0031.HEIC,EAN13,7622202051104,ok,,,,,
IMG_0035.HEIC,EAN8,48741224,ok,,,,,
IMG_0039.HEIC,EAN8,48742757,ok,,,,,
IMG_0041.HEIC,EAN8,48743570,ok,,,,,
IMG_0045.HEIC,EAN8,48743587,ok,,,,,
IMG_0049.HEIC,EAN8,48748667,ok,,,,,
IMG_0051.HEIC,EAN8,48744539,ok,,,,,
IMG_0053.HEIC,EAN8,48744546,ok,,,,,
IMG_0055.HEIC,EAN8,48741415,ok,,,,,
IMG_0059.HEIC,EAN8,48747257,ok,,,,,
IMG_0061.HEIC,EAN8,48747912,ok,,,,,
IMG_0063.HEIC,EAN8,48747905,ok,,,,,
IMG_0065.HEIC,EAN8,48743280,ok,,,,,
IMG_0067.HEIC,EAN8,48743839,ok,,,,,
IMG_0069.HEIC,EAN8,48743273,ok,,,,,
IMG_0073.HEIC,EAN13,4870249810984,ok,,,,,
IMG_0075.HEIC,EAN8,48743532,ok,,,,,
IMG_0077.HEIC,EAN8,48747295,ok,,,,,
IMG_0081.HEIC,EAN13,4870240019256,ok,,,,,
IMG_0083.HEIC,EAN13,4870240019225,ok,,,,,
IMG_0085.HEIC,EAN8,48744324,ok,,,,,
IMG_0089.HEIC,EAN8,48741606,ok,,,,,
IMG_0093.HEIC,EAN8,48741958,ok,,,,,
IMG_0095.HEIC,EAN8,48742245,ok,,,,,
IMG_0097.HEIC,EAN13,5449000093943,ok,,,,,
IMG_0099.HEIC,EAN13,4870002328886,ok,Питьевая вода негазированная 8 л,Негазированная питьевая вода в упаковке 8 литров.,01 BAR_BEVERAGES,a'su,
IMG_0102.HEIC,EAN13,4870071000256,ok,Вода питьевая Tassay 5 л,Питьевая вода в упаковке 5 литров.,01 BAR_BEVERAGES,Tassay,https://images.openfoodfacts.org/images/products/487/007/100/0256/front_ru.8.400.jpg
IMG_0105.HEIC,EAN13,5011007015534,ok,Виски Ирландский Джеймсон (40%) 50 cl,Ирландский виски с характерным вкусом и ароматом.,11 BAR_ALCOHOL_TOBACCO,Jameson,
IMG_0107.HEIC,EAN13,5011007003005,ok,Виски Джемесон 700ml,Ирландский купажированный виски Джемесон.,11 BAR_ALCOHOL_TOBACCO,JAMESON,https://images.openfoodfacts.org/images/products/501/100/700/3005/front_en.29.400.jpg
IMG_0109.HEIC,EAN13,5011007003227,ok,Виски Jameson 1 л,"Ирландский виски Jameson, 1 литр.",11 BAR_ALCOHOL_TOBACCO,Jameson,https://images.openfoodfacts.org/images/products/501/100/700/3227/front_ru.7.400.jpg
IMG_0111.HEIC,DataMatrix,2B3B3134,ok,,,,,
IMG_0113.HEIC,EAN13,5010106113127,ok,,,,,
IMG_0115.HEIC,DataMatrix,2B3B6165,ok,,,,,
IMG_0117.HEIC,EAN13,5010327903101,ok,,,,,
IMG_0121.HEIC,EAN13,4067700014566,ok,,,,,
IMG_0123.HEIC,EAN13,4067700014559,ok,Ягермейстер 0.5л,Травяной ликер с уникальным вкусом и ароматом.,11 BAR_ALCOHOL_TOBACCO,Jägermeister,https://images.openfoodfacts.org/images/products/406/770/001/4559/front_it.3.400.jpg
IMG_0125.HEIC,EAN13,9300727453600,ok,Шираз Каберне 2013,"Вино красное, купаж Шираз и Каберне Совиньон, 2013 год.",11 BAR_ALCOHOL_TOBACCO,Jacob's Creek,https://images.openfoodfacts.org/images/products/930/072/745/3600/front_fr.14.400.jpg
IMG_0128.HEIC,EAN13,9300727406538,ok,"Вино белое, Шардоне 75cl",Австралийское белое вино из сорта Шардоне.,11 BAR_ALCOHOL_TOBACCO,Jacob's Creek,https://images.openfoodfacts.org/images/products/930/072/740/6538/front_en.6.400.jpg
IMG_0130.HEIC,EAN13,5099873089798,ok,,,,,
IMG_0132.HEIC,DataMatrix,10040509,ok,,,,,
IMG_0134.HEIC,EAN13,5099873089712,ok,Бурбон Виски 200ml,Качественный бурбон с характерным вкусом и ароматом.,11 BAR_ALCOHOL_TOBACCO,Jack Daniel's,https://images.openfoodfacts.org/images/products/509/987/308/9712/front_de.6.400.jpg
IMG_0136.HEIC,EAN13,7312040017683,ok,Водка Absolut 0.7л,"Качественная шведская водка Absolut, идеально подходит для коктейлей.",11 BAR_ALCOHOL_TOBACCO,Absolut,https://images.openfoodfacts.org/images/products/731/204/001/7683/front_en.31.400.jpg
IMG_0139.HEIC,EAN13,7312040017072,ok,Водка Absolut 0.5 л,"Качественная шведская водка Absolut, идеально подходит для коктейлей.",11 BAR_ALCOHOL_TOBACCO,Absolut,
IMG_0141.HEIC,EAN13,4620006990455,ok,,,,,
IMG_0143.HEIC,EAN13,4620006990387,ok,,,,,
IMG_0145.HEIC,EAN13,4600893900805,ok,,,,,
IMG_0147.HEIC,EAN13,4607027550011,ok,,,,,
IMG_0149.HEIC,EAN13,4600893903585,ok,,,,,
IMG_0151.HEIC,EAN13,5010327946504,ok,,,,,
IMG_7039(1).HEIC,EAN13,4870028000773,ok,,,,,
IMG_7042(1).HEIC,EAN13,4870203571586,ok,,,,,
IMG_7043(1).HEIC,EAN13,4870203571555,ok,,,,,
IMG_7045(1).HEIC,EAN13,4870203571609,ok,,,,,
IMG_7052(1).HEIC,EAN13,4620017455004,ok,,,,,
IMG_7054(1).HEIC,EAN13,4870066008885,ok,,,,,
IMG_7058(1).HEIC,DataBar,01415087217583,ok,,,,,
IMG_7060(1).HEIC,EAN13,5201360543205,ok,Мини круассаны 185 г,Вкусные мини круассаны с шоколадной начинкой.,02 BAR_SNACKS,7 Days,https://images.openfoodfacts.org/images/products/520/136/054/3205/front_en.66.400.jpg
IMG_7061(1).HEIC,EAN13,5201360543472,ok,Круасан 7days,Вкусный круасан от бренда 7days.,10 BAR_BAKERY BAR_STAPLES,7days,https://images.openfoodfacts.org/images/products/520/136/054/3472/front_ru.4.400.jpg
IMG_7063(1).HEIC,EAN13,5201360571208,ok,Мини-круассаны с шоколадной начинкой 60г,Мини-круассаны с нежной шоколадной начинкой.,02 BAR_SNACKS,7 days,https://images.openfoodfacts.org/images/products/520/136/057/1208/front_fr.3.400.jpg
IMG_7066(1).HEIC,EAN13,5201360571703,ok,Мини-круассаны 60г с начинкой Мильфей,Мини-круассаны с начинкой во французском стиле.,02 BAR_SNACKS,7days,https://images.openfoodfacts.org/images/products/520/136/057/1703/front_it.3.400.jpg
IMG_7068(1).HEIC,EAN13,5201360521210,ok,Круассан с шоколадной начинкой 65 г,Вкусный круассан с нежной шоколадной начинкой.,02 BAR_SNACKS,7 DAYS,https://images.openfoodfacts.org/images/products/520/136/052/1210/front_en.67.400.jpg
IMG_7070(1).HEIC,EAN13,5201360523795,ok,Круассан 60г,"Вкусный круассан, идеально подходит для перекуса.",10 BAR_BAKERY BAR_STAPLES,7 days,https://images.openfoodfacts.org/images/products/520/136/052/3795/front_ru.10.400.jpg
IMG_7072(1).HEIC,EAN13,4870207570820,ok,,,,,
IMG_7074(1).HEIC,EAN13,4870207570844,ok,,,,,
IMG_7076(1).HEIC,EAN13,4860111650817,ok,,,,,
IMG_7078(1).HEIC,EAN13,4860111650640,ok,,,,,
IMG_7080(1).HEIC,EAN13,4605825006327,ok,,,,,
IMG_7082(1).HEIC,EAN13,4605825006402,ok,,,,,
IMG_7084(1).HEIC,EAN13,4870227272971,ok,,,,,
IMG_7086(1).HEIC,EAN13,4870227272957,ok,,,,,
IMG_7087(1).HEIC,EAN13,4870207570585,ok,,,,,
IMG_7090(1).HEIC,EAN13,4870207570875,ok,,,,,
IMG_7092(1).HEIC,EAN13,9458475707671,ok,,,,,
IMG_7093(1).HEIC,EAN13,4870144476162,ok,,,,,
IMG_7094(1).HEIC,EAN13,8061671447671,ok,,,,,
IMG_7095(1).HEIC,EAN13,4870144474045,ok,,,,,
IMG_7098(1).HEIC,EAN13,4870144474052,ok,,,,,
IMG_7100(1).HEIC,EAN13,4870144473703,ok,,,,,
IMG_7102(1).HEIC,EAN13,4870144475813,ok,,,,,
IMG_7104(1).HEIC,EAN13,4870144476872,ok,,,,,
IMG_7105(1).HEIC,EAN13,4870144474748,ok,,,,,
IMG_7108(1).HEIC,EAN13,4870144476544,ok,,,,,
IMG_7110(1).HEIC,EAN13,4870002329234,ok,,,,,
IMG_7112(1).HEIC,EAN13,4870144475967,ok,,,,,
IMG_7114(1).HEIC,EAN13,4870144476490,ok,,,,,
IMG_7116(1).HEIC,EAN13,4870144475943,ok,,,,,
IMG_7118(1).HEIC,EAN13,4870144476308,ok,,,,,
IMG_7120(1).HEIC,EAN13,4870144475790,ok,,,,,
IMG_7123(1).HEIC,EAN13,4605825003807,ok,,,,,
IMG_7127(1).HEIC,EAN13,4870235040241,ok,,,,,
IMG_7129(1).HEIC,EAN13,4605825003753,ok,Томатная паста,Концентрированная томатная паста для приготовления блюд.,03 BAR_PACKAGED_FOOD,Кухмастер,https://images.openfoodfacts.org/images/products/460/582/500/3753/front_ru.3.400.jpg
IMG_7131(1).HEIC,EAN13,4870004933859,ok,Томатная паста 370 г,Концентрированная томатная паста для приготовления блюд.,03 BAR_PACKAGED_FOOD,Кублей,https://images.openfoodfacts.org/images/products/487/000/493/3859/front_ru.7.400.jpg
IMG_7133(1).HEIC,EAN13,4870004933873,ok,,,,,
IMG_7135(1).HEIC,EAN13,4604248019051,ok,,,,,
IMG_7137(1).HEIC,EAN13,4870001901806,ok,,,,,
IMG_7139(1).HEIC,EAN13,4607002995943,ok,Икра из кабачков 460 г,"Консервированная икра из кабачков, готовая к употреблению.",03 BAR_PACKAGED_FOOD,Дядя Ваня,https://images.openfoodfacts.org/images/products/460/700/299/5943/front_ru.8.400.jpg
IMG_7141(1).HEIC,EAN13,4607002999323,ok,Икра баклажанная,"Вкусная икра из баклажанов, готовая к употреблению.",03 BAR_PACKAGED_FOOD,Дядя Ваня,https://images.openfoodfacts.org/images/products/460/700/299/9323/front_en.3.400.jpg
IMG_7143(1).HEIC,DataBar,12014620464383,ok,,,,,
IMG_7145(1).HEIC,EAN13,4630038371023,ok,,,,,
IMG_7147(1).HEIC,EAN13,4607002995905,ok,,,,,
IMG_7149(1).HEIC,EAN13,4607002990290,ok,Огурцы 680 г,"Упакованные огурцы, идеальны для салатов и закусок.",03 BAR_PACKAGED_FOOD,Дядя Ваня,https://images.openfoodfacts.org/images/products/460/700/299/0290/front_en.6.400.jpg
IMG_7151(1).HEIC,EAN13,4607002999910,ok,,,,,
IMG_7153(1).HEIC,EAN13,4607002999767,ok,Пикули Одесские 350 г,"Маринованные огурцы, консервированные с уксусной кислотой.",03 BAR_PACKAGED_FOOD,Дядя Ваня,https://images.openfoodfacts.org/images/products/460/700/299/9767/front_ru.16.400.jpg
IMG_7157(1).HEIC,EAN13,4870241780995,ok,,,,,
IMG_7159(1).HEIC,EAN13,4607002999309,ok,фасоль печеная 480 г,Консервированная печеная фасоль в удобной упаковке.,03 BAR_PACKAGED_FOOD,дядя Ваня,https://images.openfoodfacts.org/images/products/460/700/299/9309/front_ru.14.400.jpg
IMG_7161(1).HEIC,EAN13,4870001905477,ok,,,,,
IMG_7163(1).HEIC,EAN13,4870001901783,ok,,,,,
IMG_7165(1).HEIC,EAN13,4870200193545,ok,,,,,
IMG_7167(1).HEIC,EAN13,4870001900014,ok,Огурцы маринованные,Маринованные огурцы в удобной упаковке.,03 BAR_PACKAGED_FOOD,Лучшие Рецепты,https://images.openfoodfacts.org/images/products/487/000/190/0014/front_ru.4.400.jpg
IMG_7169(1).HEIC,EAN13,4870001906238,ok,,,,,
IMG_7171(1).HEIC,EAN13,4670025500357,ok,,,,,
IMG_7173(1).HEIC,EAN13,4870001901769,ok,,,,,
IMG_7175(1).HEIC,EAN13,4870001902384,ok,,,,,
IMG_7177(1).HEIC,EAN13,4870001901882,ok,,,,,
IMG_7179(1).HEIC,EAN13,4870001901806,ok,,,,,
IMG_7181(1).HEIC,EAN13,4870001902384,ok,,,,,
IMG_7183(1).HEIC,EAN13,4870004930674,ok,,,,,
IMG_7185(1).HEIC,EAN13,4870004933828,ok,,,,,
IMG_7187(1).HEIC,EAN13,4870004930841,ok,,,,,
IMG_7189(1).HEIC,EAN13,4870004931121,ok,,,,,
IMG_7191(1).HEIC,EAN13,4870004930605,ok,,,,,
IMG_7193(1).HEIC,EAN13,4870004930117,ok,,,,,
IMG_7195(1).HEIC,EAN13,4870004930841,ok,,,,,
IMG_7197(1).HEIC,EAN13,4870004930032,ok,,,,,
IMG_7199(1).HEIC,EAN13,4870004931145,ok,,,,,
IMG_7203(1).HEIC,EAN13,4870004936324,ok,,,,,
IMG_7205(1).HEIC,EAN13,4870004931107,ok,,,,,
IMG_7207(1).HEIC,EAN13,4870004933880,ok,,,,,
IMG_7209(1).HEIC,EAN13,4870004933903,ok,,,,,
IMG_7211(1).HEIC,EAN13,4870004930513,ok,,,,,
IMG_7213(1).HEIC,EAN13,4870004930018,ok,,,,,
IMG_7214(1).HEIC,EAN13,4870004936331,ok,,,,,
IMG_7217(1).HEIC,EAN13,4870004931053,ok,,,,,
IMG_7219(1).HEIC,EAN13,4870004932296,ok,,,,,
IMG_7222(1).HEIC,EAN13,4007415005404,ok,Консервированная сладкая кукуруза,Сладкая кукуруза в консервированном виде.,03 BAR_PACKAGED_FOOD,Mikado,https://images.openfoodfacts.org/images/products/400/741/500/5404/front_fr.3.400.jpg
IMG_7224(1).HEIC,EAN13,4870001548032,ok,,,,,
IMG_7230(1).HEIC,EAN13,4008638213805,ok,,,,,
IMG_7234(1).HEIC,EAN13,4870001545376,ok,,,,,
IMG_7236(1).HEIC,EAN13,4007415005664,ok,Чемпионс 400г,"Снэки Champions от Mikado, идеальны для перекуса.",03 BAR_PACKAGED_FOOD,Mikado,https://images.openfoodfacts.org/images/products/400/741/500/5664/front_de.4.400.jpg
IMG_7238(1).HEIC,EAN13,4607116769867,ok,,,,,
IMG_7240(1).HEIC,EAN13,4607116769478,ok,,,,,
IMG_7242(1).HEIC,EAN13,4607116769485,ok,,,,,
IMG_7246(1).HEIC,EAN13,4607116769461,ok,,,,,
IMG_7248(1).HEIC,EAN13,4660136781677,ok,,,,,
IMG_7250(1).HEIC,EAN13,4660136780656,ok,,,,,
IMG_7254(1).HEIC,EAN13,4870001546281,ok,,,,,
IMG_7256(1).HEIC,EAN13,8437004811103,ok,,,,,
IMG_7258(1).HEIC,EAN13,4660136780649,ok,,,,,
IMG_7260(1).HEIC,EAN13,4660136781264,ok,,,,,
IMG_7262(1).HEIC,EAN13,4630035912816,ok,,,,,
IMG_7265(1).HEIC,EAN13,4660136780762,ok,Соус сладкий чили,Сладкий чили соус для добавления в блюда.,03 BAR_PACKAGED_FOOD,Tamaki,
IMG_7267(1).HEIC,EAN13,4660136781868,ok,Соус сладко-кислый,Сладко-кислый соус для разнообразия блюд.,03 BAR_PACKAGED_FOOD,Tamaki,
IMG_7269(1).HEIC,EAN13,4810389005598,ok,,,,,
IMG_7271(1).HEIC,EAN13,4810389005031,ok,,,,,
IMG_7273(1).HEIC,EAN13,4810389003372,ok,,,,,
IMG_7276(1).HEIC,EAN13,8594001692989,ok,,,,,
IMG_7277(1).HEIC,DataBar,06810204159794,ok,,,,,
IMG_7278(1).HEIC,EAN13,8594001692996,ok,,,,,
IMG_7280(1).HEIC,EAN13,8594001693030,ok,Гусиная печень 105г,"Консервированная гусиная печень, готовая к употреблению.",03 BAR_PACKAGED_FOOD,Hame,https://images.openfoodfacts.org/images/products/859/400/169/3030/front_en.3.400.jpg
IMG_7282(1).HEIC,EAN13,8594001693009,ok,,,,,
IMG_7284(1).HEIC,EAN13,8594001695171,ok,,,,,
IMG_7286(1).HEIC,EAN13,8594001693047,ok,,,,,
IMG_7289(1).HEIC,EAN13,4610000620090,ok,,,,,
IMG_7291(1).HEIC,EAN13,4751007731386,ok,Консерва из рыбы 240 г,"Консерва из рыбы, готовая к употреблению.",03 BAR_PACKAGED_FOOD,Kaija,https://images.openfoodfacts.org/images/products/475/100/773/1386/front_en.3.400.jpg
IMG_7293(1).HEIC,EAN13,4605463008981,ok,,,,,
IMG_7295(1).HEIC,EAN13,4680009032194,ok,,,,,
IMG_7297(1).HEIC,EAN13,4870205752068,ok,,,,,
IMG_7299(1).HEIC,EAN13,4870205751818,ok,,,,,
IMG_7301(1).HEIC,EAN13,4605463002033,ok,,,,,
IMG_7303(1).HEIC,EAN13,4870205752341,ok,,,,,
IMG_7305(1).HEIC,EAN13,4605463003122,ok,,,,,
IMG_7307(1).HEIC,EAN13,4610000620090,ok,,,,,
IMG_7309(1).HEIC,EAN13,4605463003122,ok,,,,,
IMG_7311(1).HEIC,EAN13,4607043163615,ok,,,,,
IMG_7313(1).HEIC,EAN13,4610000620090,ok,,,,,
IMG_7315(1).HEIC,EAN13,4870004932142,ok,,,,,
IMG_7317(1).HEIC,EAN13,4610000620090,ok,,,,,
IMG_7319(1).HEIC,EAN13,4870004930285,ok,,,,,
IMG_7321(1).HEIC,EAN13,4751007730068,ok,,,,,
IMG_7325(1).HEIC,EAN13,4870004930056,ok,,,,,
IMG_7327(1).HEIC,EAN13,4870004930063,ok,,,,,
IMG_7329(1).HEIC,EAN13,4870004931893,ok,,,,,
IMG_7331(1).HEIC,EAN13,4870004931978,ok,,,,,
IMG_7333(1).HEIC,EAN13,4870004931879,ok,,,,,
IMG_7335(1).HEIC,EAN13,4605463003146,ok,,,,,
IMG_7337(1).HEIC,EAN13,4607043162090,ok,,,,,
IMG_7339(1).HEIC,EAN13,4607116767030,ok,,,,,
IMG_7341(1).HEIC,EAN13,8410179002651,ok,,,,,
IMG_7343(1).HEIC,EAN13,4607043162090,ok,,,,,
IMG_7345(1).HEIC,EAN13,4751007730891,ok,,,,,
IMG_7348(1).HEIC,EAN13,4870205752099,ok,,,,,
IMG_7350(1).HEIC,EAN13,4870205752167,ok,,,,,
IMG_7353(1).HEIC,EAN13,4605463002453,ok,,,,,
IMG_7354(1).HEIC,EAN13,4870205752082,ok,,,,,
IMG_7358(1).HEIC,EAN13,4870001546137,ok,,,,,
IMG_7360(1).HEIC,EAN13,4870001547585,ok,,,,,
IMG_7362(1).HEIC,EAN13,4606530474791,ok,,,,,
IMG_7364(1).HEIC,EAN13,4870001545390,ok,,,,,
IMG_7366(1).HEIC,EAN13,4870001547592,ok,,,,,
IMG_7368(1).HEIC,EAN13,4606272023752,ok,Хрутка шоколадные колечки,Шоколадные колечки для перекуса.,02 BAR_SNACKS,Nestle,https://images.openfoodfacts.org/images/products/460/627/202/3752/front_ru.6.400.jpg
IMG_7370(1).HEIC,EAN13,4600680025582,ok,Шоколадные шарики Хрутка 200г,Шоколадные шарики с хрустящей текстурой.,02 BAR_SNACKS,Хрутка,https://images.openfoodfacts.org/images/products/460/068/002/5582/front_en.4.400.jpg
IMG_7372(1).HEIC,EAN13,4600680025551,ok,Хрутка Готовый Шоколадный завтрак,Готовый шоколадный завтрак от Nestle.,03 BAR_PACKAGED_FOOD,Nestle,https://images.openfoodfacts.org/images/products/460/068/002/5551/front_ru.8.400.jpg
IMG_7374(1).HEIC,DataMatrix,49500335,ok,,,,,
IMG_7376(1).HEIC,EAN13,4600680025575,ok,,,,,
IMG_7378(1).HEIC,EAN13,5900020031723,ok,Продукт с баркодом 5900020031723,Продукт с уникальным баркодом для идентификации.,12 BAR_OTHER,Не указано,
IMG_7380(1).HEIC,EAN13,5900020013491,ok,Несквик Микс 225 г,Сухая смесь для приготовления напитка на основе растительных ингредиентов.,03 BAR_PACKAGED_FOOD,Nesquik,https://images.openfoodfacts.org/images/products/590/002/001/3491/front_pl.15.400.jpg
IMG_7382(1).HEIC,DataMatrix,44349783,ok,,,,,
IMG_7384(1).HEIC,DataMatrix,44315380,ok,,,,,
IMG_7386(1).HEIC,EAN13,4606272023776,ok,Хрутка Медовые Шарики,Сладкие медовые шарики для перекуса.,02 BAR_SNACKS,Nestle,https://images.openfoodfacts.org/images/products/460/627/202/3776/front_ru.7.400.jpg
IMG_7388(1).HEIC,EAN13,4600680026466,ok,,,,,
IMG_7390.HEIC,EAN13,4870212480220,ok,,,,,
IMG_7394.HEIC,EAN13,4640001890031,ok,Сода пищевая 500 г,"Пищевая сода, используемая в кулинарии и выпечке.",10 BAR_BAKERY BAR_STAPLES,Башкирская содовая компания,https://images.openfoodfacts.org/images/products/464/000/189/0031/front_ru.20.400.jpg
IMG_7396.HEIC,EAN13,4870006487572,ok,,,,,
IMG_7398.HEIC,EAN13,4607005090812,ok,,,,,
IMG_7400.HEIC,EAN13,4870006489101,ok,,,,,
IMG_7402.HEIC,EAN13,4607116767641,ok,,,,,
IMG_7404.HEIC,EAN13,4781006000725,ok,,,,,
IMG_7406.HEIC,EAN13,4781006000763,ok,,,,,
IMG_7408(1).HEIC,EAN13,4607116767641,ok,,,,,
IMG_7410(1).HEIC,EAN13,4670025505086,ok,,,,,
IMG_7412(1).HEIC,EAN13,4607116761908,ok,Яблочный уксус 350ml,Натуральный яблочный уксус для кулинарии и здоровья.,12 BAR_OTHER,Stojew,https://images.openfoodfacts.org/images/products/460/711/676/1908/front_de.3.400.jpg
IMG_7414(1).HEIC,EAN13,7607746767988,ok,,,,,
IMG_7416(1).HEIC,EAN13,4607116761885,ok,Уксус 9% 350ml,Уксус 9% для кулинарного использования.,11 BAR_ALCOHOL_TOBACCO,stoev,https://images.openfoodfacts.org/images/products/460/711/676/1885/front_de.3.400.jpg
IMG_7418(1).HEIC,EAN13,4870035001152,ok,Масло подсолнечное «Шедевр» 1 л,Рафинированное дезодорированное подсолнечное масло.,12 BAR_OTHER,Шедевр,https://images.openfoodfacts.org/images/products/487/003/500/1152/front_ru.13.400.jpg
IMG_7420(1).HEIC,EAN13,4680001221442,ok,Zolotaya semechka,Семечки Zolotaya semechka от Ug Roussi.,02 BAR_SNACKS,Ug Roussi,https://images.openfoodfacts.org/images/products/468/000/122/1442/front_fr.12.400.jpg
IMG_7422(1).HEIC,EAN13,4607083550482,ok,Олейна Классическая 1 L,Рафинированное дезодорированное подсолнечное масло первого сорта.,12 BAR_OTHER,Олейна,https://images.openfoodfacts.org/images/products/460/708/355/0482/front_en.30.400.jpg
IMG_7424(1).HEIC,EAN13,4870001224714,ok,Лапша бешбармак 450г,"Лапша бешбармак, приготовленная без соли, 450 г.",03 BAR_PACKAGED_FOOD,Kemmi,https://images.openfoodfacts.org/images/products/487/000/122/4714/front_en.3.400.jpg
IMG_7426(1).HEIC,EAN13,4870001224639,ok,,,,,
IMG_7428(1).HEIC,EAN13,4601780007706,ok,,,,,
IMG_7430(1).HEIC,EAN13,4870003711007,ok,,,,,
IMG_7432(1).HEIC,EAN13,4870006610789,ok,Жайма 300г,Макароны из твердых сортов пшеницы.,03 BAR_PACKAGED_FOOD,Цесна,https://images.openfoodfacts.org/images/products/487/000/661/0789/front_en.3.400.jpg
IMG_7434(1).HEIC,EAN13,4870001224677,ok,Жайма 1pcs,"Традиционный продукт, используемый в кулинарии.",12 BAR_OTHER,,https://images.openfoodfacts.org/images/products/487/000/122/4677/front_de.3.400.jpg
IMG_7436(1).HEIC,EAN13,8076809583572,ok,Макароны Barilla,"Макароны Barilla, идеальны для приготовления различных блюд.",03 BAR_PACKAGED_FOOD,Barilla,https://images.openfoodfacts.org/images/products/807/680/958/3572/front_ru.4.400.jpg
IMG_7440(1).HEIC,EAN13,8076809576093,ok,Спагетти,Макаронные изделия из муки твёрдой пшеницы.,10 BAR_BAKERY BAR_STAPLES,Barilla,https://images.openfoodfacts.org/images/products/807/680/957/6093/front_ru.19.400.jpg
IMG_7442(1).HEIC,EAN13,8076809575980,ok,Фарфале Barilla 500 г,"Паста фарфале от Barilla, идеальна для различных блюд.",03 BAR_PACKAGED_FOOD,Barilla,https://images.openfoodfacts.org/images/products/807/680/957/5980/front_fr.3.400.jpg
IMG_7444(1).HEIC,EAN13,8076809576086,ok,Паста Barilla,"Итальянская паста Barilla, идеальна для приготовления различных блюд.",03 BAR_PACKAGED_FOOD,Barilla,https://images.openfoodfacts.org/images/products/807/680/957/6086/front_fr.3.400.jpg
IMG_7446(1).HEIC,EAN13,8076809575973,ok,Ригате Кончинили,Паста ригате из растительных ингредиентов.,03 BAR_PACKAGED_FOOD,Barilla,https://images.openfoodfacts.org/images/products/807/680/957/5973/front_fr.3.400.jpg
IMG_7448(1).HEIC,EAN13,8076809576079,ok,Пенне ригате N73,Макаронные изделия из муки твёрдой пшеницы в форме пенне.,03 BAR_PACKAGED_FOOD,Barilla,https://images.openfoodfacts.org/images/products/807/680/957/6079/front_en.7.400.jpg
IMG_7450(1).HEIC,EAN13,8076809575966,ok,Челлентани 450 г,Макаронные изделия из муки твёрдой пшеницы.,03 BAR_PACKAGED_FOOD,Barilla,https://images.openfoodfacts.org/images/products/807/680/957/5966/front_ru.3.400.jpg
IMG_7452(1).HEIC,EAN13,8076809576000,ok,Паста Barilla 500г,"Паста высшего сорта, идеальна для приготовления различных блюд.",03 BAR_PACKAGED_FOOD,Barilla,https://images.openfoodfacts.org/images/products/807/680/957/6000/front_en.13.400.jpg
IMG_7454(1).HEIC,EAN13,8076809576130,ok,Tortiglion круглые макароны,Круглые макароны Tortiglion от Barilla.,03 BAR_PACKAGED_FOOD,Barilla,https://images.openfoodfacts.org/images/products/807/680/957/6130/front_en.3.400.jpg
IMG_7456(1).HEIC,EAN13,4870006610321,ok,,,,,
IMG_7458(1).HEIC,EAN13,4870006612196,ok,,,,,
IMG_7460(1).HEIC,EAN13,4870006612202,ok,,,,,
IMG_7462(1).HEIC,EAN13,4870006610338,ok,,,,,
IMG_7464(1).HEIC,EAN13,4870006612127,ok,,,,,
IMG_7466(1).HEIC,EAN13,4870006610284,ok,,,,,
IMG_7468(1).HEIC,EAN13,4870003180100,ok,,,,,
IMG_7470(1).HEIC,EAN13,4870003180117,ok,,,,,
IMG_7472(1).HEIC,EAN13,4870003180360,ok,,,,,
IMG_7474(1).HEIC,EAN13,4870003180056,ok,,,,,
IMG_7476.HEIC,EAN13,4870003181145,ok,,,,,
IMG_7478(1).HEIC,EAN13,4870003180353,ok,,,,,
IMG_7484.HEIC,EAN13,4870003180025,ok,,,,,
IMG_7486(1).HEIC,EAN13,4870003181152,ok,,,,,
IMG_7488(1).HEIC,EAN13,4870003180063,ok,,,,,
IMG_7490(1).HEIC,EAN13,4870005840361,ok,,,,,
IMG_7492(1).HEIC,EAN13,4870001223427,ok,,,,,
IMG_7494(1).HEIC,EAN13,4870005840361,ok,,,,,
IMG_7496(1).HEIC,EAN13,4870005840392,ok,,,,,
IMG_7498(1).HEIC,EAN13,4870006617436,ok,,,,,
IMG_7500(1).HEIC,EAN13,4870006617023,ok,,,,,
IMG_7502(1).HEIC,EAN13,6874460616934,ok,,,,,
IMG_7504(1).HEIC,EAN13,4870006616880,ok,,,,,
IMG_7506(1).HEIC,EAN13,4870006616897,ok,,,,,
IMG_7508(1).HEIC,EAN13,4870006616941,ok,,,,,
IMG_7510(1).HEIC,EAN13,4870006616910,ok,,,,,
IMG_7512(1).HEIC,EAN13,4870006616958,ok,,,,,
IMG_7514(1).HEIC,EAN13,4870006617283,ok,,,,,
IMG_7516(1).HEIC,EAN13,4870006616965,ok,,,,,
IMG_7518(1).HEIC,EAN13,4870005840248,ok,,,,,
IMG_7520(1).HEIC,EAN13,4870003180353,ok,,,,,
IMG_7522(1).HEIC,EAN13,4870003180056,ok,,,,,
IMG_7524(1).HEIC,EAN13,4870005840279,ok,,,,,
IMG_7526(1).HEIC,EAN13,4870006611564,ok,,,,,
IMG_7528(1).HEIC,EAN13,4690329010758,ok,,,,,
IMG_7531(1).HEIC,EAN13,4690329010741,ok,,,,,
IMG_7533(1).HEIC,EAN13,4690329010772,ok,,,,,
IMG_7535(1).HEIC,EAN13,4690329010789,ok,,,,,
IMG_7537.HEIC,EAN13,4690329010765,ok,,,,,
IMG_7539(1).HEIC,EAN13,4870006617375,ok,,,,,
IMG_7541.HEIC,EAN13,4870205311708,ok,,,,,
IMG_7545.HEIC,EAN13,4601780006976,ok,Путинка 400г.,Макаронные изделия из растительного сырья.,03 BAR_PACKAGED_FOOD,MAKFA,https://images.openfoodfacts.org/images/products/460/178/000/6976/front_en.14.400.jpg
IMG_7549(1).HEIC,EAN13,4601780009885,ok,,,,,
IMG_7559(1).HEIC,EAN13,4870001401511,ok,,,,,
IMG_7561(1).HEIC,EAN13,4601780014735,ok,,,,,
IMG_7563(1).HEIC,EAN13,4601780014759,ok,,,,,
IMG_7565(1).HEIC,EAN13,4690329007505,ok,,,,,
IMG_7567(1).HEIC,EAN13,4870001780029,ok,,,,,
IMG_7570(1).HEIC,EAN13,4870001157937,ok,,,,,
IMG_7572(1).HEIC,EAN13,4870001157913,ok,,,,,
IMG_7574(1).HEIC,EAN13,4870002325441,ok,Asu vo лимон,Напиток с лимонным вкусом от бренда Asu.,01 BAR_BEVERAGES,Asu,https://images.openfoodfacts.org/images/products/487/000/232/5441/front_ru.3.400.jpg
IMG_7576(1).HEIC,EAN13,4870001571023,ok,"Асу со вкусом 0,5л","Напиток Асу с уникальным вкусом в упаковке 0,5 литра.",01 BAR_BEVERAGES,,https://images.openfoodfacts.org/images/products/487/000/157/1023/front_ru.3.400.jpg
IMG_7578.HEIC,EAN13,4870001572228,ok,,,,,
IMG_7580.HEIC,EAN13,4870001157913,ok,,,,,
IMG_7582.HEIC,EAN13,4870001159948,ok,,,,,
IMG_7584.HEIC,EAN13,4870002326172,ok,,,,,
IMG_7586.HEIC,EAN13,4870001571030,ok,,,,,
IMG_7588(1).HEIC,EAN13,4870001571573,ok,,,,,
IMG_7590(1).HEIC,EAN13,4870001159955,ok,Вода Asu негазированная 1л,"Негазированная вода Asu, объем 1 литр.",01 BAR_BEVERAGES,asu,https://images.openfoodfacts.org/images/products/487/000/115/9955/front_ru.6.400.jpg
IMG_7592(1).HEIC,EAN13,4870002326172,ok,,,,,
IMG_7594(1).HEIC,EAN13,4870001571030,ok,,,,,
IMG_7596(1).HEIC,EAN13,4870001572242,ok,,,,,
IMG_7598(1).HEIC,EAN13,4870001157920,ok,,,,,
IMG_7600(1).HEIC,EAN13,4870002328213,ok,,,,,
IMG_7602(1).HEIC,EAN13,8445290788214,ok,,,,,
IMG_7604(1).HEIC,EAN13,7613287073594,ok,,,,,
IMG_7606(1).HEIC,EAN13,8002205383287,ok,,,,,
IMG_7608(1).HEIC,EAN13,8002205358179,ok,,,,,
IMG_7610(1).HEIC,EAN13,8445290764225,ok,,,,,
IMG_7612(1).HEIC,EAN13,8445290140159,ok,,,,,
IMG_7614(1).HEIC,EAN13,8445290141552,ok,,,,,
IMG_7616(1).HEIC,EAN13,8445290761057,ok,,,,,
IMG_7618(1).HEIC,EAN13,8445290762801,ok,,,,,
IMG_7620(1).HEIC,EAN13,8445290141590,ok,,,,,
IMG_7622(1).HEIC,EAN13,8445290141576,ok,,,,,
IMG_7624(1).HEIC,EAN13,8445290765765,ok,,,,,
IMG_7628(1).HEIC,EAN13,8445290136947,ok,,,,,
IMG_7630(1).HEIC,EAN13,8445290765789,ok,,,,,
IMG_7633(1).HEIC,EAN13,7613037738391,ok,,,,,
IMG_7635(1).HEIC,EAN13,7613037737806,ok,,,,,
IMG_7637(1).HEIC,EAN13,4607065003135,ok,,,,,
IMG_7641(1).HEIC,EAN13,4607065371166,ok,,,,,
IMG_7643(1).HEIC,EAN13,4870001571771,ok,,,,,
IMG_7645(1).HEIC,EAN13,4870002328565,ok,,,,,
IMG_7647(1).HEIC,EAN13,7622202033896,ok,,,,,
IMG_7649(1).HEIC,EAN13,7622210575517,ok,Сметана со вкусом лука и зелени,"Снеки со вкусом сметаны и лука, идеальны для перекуса.",02 BAR_SNACKS,TuC,
IMG_7651(1).HEIC,EAN13,7622202203534,ok,,,,,
IMG_7655(1).HEIC,EAN13,7622201751623,ok,,,,,
IMG_7659(1).HEIC,UPCA,745125381992,ok,,,,,
IMG_7661(1).HEIC,UPCA,745125381497,ok,,,,,
IMG_7663(1).HEIC,EAN13,4605209003690,ok,,,,,
IMG_7665(1).HEIC,UPCA,745125381466,ok,,,,,
IMG_7667(1).HEIC,UPCA,745125381435,ok,,,,,
IMG_7669(1).HEIC,UPCA,745125381459,ok,,,,,
IMG_7671(1).HEIC,UPCA,745125381473,ok,,,,,
IMG_7673(1).HEIC,UPCA,745125381206,ok,,,,,
IMG_7675(1).HEIC,UPCA,745125381985,ok,,,,,
IMG_7677(1).HEIC,UPCA,745125381879,ok,,,,,
IMG_7679(1).HEIC,UPCA,745125381626,ok,,,,,
IMG_7682(1).HEIC,UPCA,745125381503,ok,,,,,
IMG_7684(1).HEIC,UPCA,710497627023,ok,,,,,
IMG_7686(1).HEIC,UPCA,745125381541,ok,,,,,
IMG_7688(1).HEIC,UPCA,745125381534,ok,,,,,
IMG_7690(1).HEIC,EAN13,4605209012777,ok,,,,,
IMG_7692(1).HEIC,UPCA,745125381527,ok,,,,,
IMG_7694(1).HEIC,UPCA,745125381305,ok,,,,,
IMG_7698(1).HEIC,UPCA,745125381336,ok,,,,,
IMG_7702(1).HEIC,UPCA,745125381411,ok,,,,,
IMG_7704(1).HEIC,UPCA,745125381213,ok,,,,,
IMG_7707(1).HEIC,UPCA,745125381503,ok,,,,,
IMG_7709(1).HEIC,UPCA,745125381589,ok,,,,,
IMG_7711(1).HEIC,UPCA,745125381602,ok,,,,,
IMG_7713(1).HEIC,UPCA,745125381558,ok,,,,,
IMG_7715(1).HEIC,UPCA,745125381619,ok,,,,,
IMG_7717(1).HEIC,UPCA,710497627047,ok,,,,,
IMG_7719(1).HEIC,UPCA,745125381510,ok,,,,,
IMG_7723(1).HEIC,UPCA,745125381442,ok,,,,,
IMG_7725(1).HEIC,DataBar,13022075805575,ok,,,,,
IMG_7727(1).HEIC,UPCA,745125381893,ok,,,,,
IMG_7729(1).HEIC,UPCA,745125381244,ok,,,,,
IMG_7731(1).HEIC,UPCA,745125381329,ok,,,,,
IMG_7733(1).HEIC,UPCA,745125381367,ok,,,,,
IMG_7735(1).HEIC,UPCA,745125381596,ok,,,,,
IMG_7737(1).HEIC,UPCA,745125381930,ok,,,,,
IMG_7739(1).HEIC,UPCA,710497627030,ok,,,,,
IMG_7741(1).HEIC,UPCA,745125382067,ok,,,,,
IMG_7743(1).HEIC,UPCA,710497627030,ok,,,,,
IMG_7745(1).HEIC,UPCA,745125381947,ok,,,,,
IMG_7747(1).HEIC,UPCA,745125381558,ok,,,,,
IMG_7749(1).HEIC,UPCA,745125382067,ok,,,,,
IMG_7751(1).HEIC,UPCA,745125381879,ok,,,,,
IMG_7753(1).HEIC,UPCA,745125381350,ok,,,,,
IMG_7755(1).HEIC,UPCA,745125381862,ok,,,,,
IMG_7758(1).HEIC,UPCA,745125382135,ok,,,,,
IMG_7760(1).HEIC,UPCA,745125382142,ok,,,,,
IMG_7762(1).HEIC,UPCA,745125382128,ok,,,,,
IMG_7764(1).HEIC,UPCA,745125382159,ok,,,,,
IMG_7766(1).HEIC,UPCA,710497627009,ok,,,,,
IMG_7768(1).HEIC,UPCA,745125382050,ok,,,,,
IMG_7770(1).HEIC,UPCA,745125382043,ok,,,,,
IMG_7772(1).HEIC,UPCA,745125381909,ok,,,,,
IMG_7774(1).HEIC,UPCA,710497627054,ok,,,,,
IMG_7776(1).HEIC,UPCA,745125381237,ok,,,,,
IMG_7778(1).HEIC,UPCA,745125381251,ok,,,,,
IMG_7780(1).HEIC,EAN13,4607044605947,ok,Корейская заправка для фунчозы,Заправка для фунчозы с корейскими специями.,03 BAR_PACKAGED_FOOD,Чим Чим,https://images.openfoodfacts.org/images/products/460/704/460/5947/front_en.3.400.jpg
IMG_7782(1).HEIC,UPCA,745125381367,ok,,,,,
IMG_7784(1).HEIC,EAN13,4605209012777,ok,,,,,
IMG_7786(1).HEIC,UPCA,745125381787,ok,,,,,
IMG_7788(1).HEIC,UPCA,745125381831,ok,,,,,
IMG_7790(1).HEIC,UPCA,745125381855,ok,,,,,
IMG_7792(1).HEIC,UPCA,745125381831,ok,,,,,
IMG_7794(1).HEIC,UPCA,745125381404,ok,,,,,
IMG_7796(1).HEIC,UPCA,745125381398,ok,,,,,
IMG_7798(1).HEIC,EAN13,8410300366362,ok,,,,,
IMG_7800(1).HEIC,UPCA,745125381404,ok,,,,,
IMG_7804(1).HEIC,EAN13,4870007230900,ok,,,,,
IMG_7806(1).HEIC,EAN13,4870007232348,ok,,,,,
IMG_7808(1).HEIC,EAN13,4870007234649,ok,,,,,
IMG_7810(1).HEIC,EAN13,4870007231358,ok,,,,,
IMG_7814(1).HEIC,EAN13,4870007231075,ok,,,,,
IMG_7816(1).HEIC,EAN13,4870007234014,ok,,,,,
IMG_7818(1).HEIC,EAN13,4870007231693,ok,,,,,
IMG_7820(1).HEIC,EAN13,4870007233420,ok,Ностальгия сендвич 487г,Замороженный десерт в виде сендвича с мороженым.,03 BAR_PACKAGED_FOOD,Lengerskoe,https://images.openfoodfacts.org/images/products/487/000/723/3420/front_ru.14.400.jpg
IMG_7824(1).HEIC,EAN13,4870007231242,ok,,,,,
IMG_7826(1).HEIC,EAN13,4870007230719,ok,,,,,
IMG_7827(1).HEIC,EAN13,4870007232423,ok,,,,,
IMG_7830(1).HEIC,EAN13,4870007231242,ok,,,,,
IMG_7832(1).HEIC,EAN13,4870007231082,ok,,,,,
IMG_7834(1).HEIC,EAN13,4870007234618,ok,,,,,
IMG_7838(1).HEIC,EAN13,4870007231334,ok,,,,,
IMG_7840(1).HEIC,EAN13,4870007231358,ok,,,,,
IMG_7842(1).HEIC,EAN13,4870007231723,ok,,,,,
IMG_7844(1).HEIC,EAN13,4870007232393,ok,,,,,
IMG_7846(1).HEIC,EAN13,4870007233185,ok,,,,,
IMG_7848(1).HEIC,EAN13,4605922001737,ok,Пломбир Черничный 460г,Кремовый пломбир с черничным вкусом.,09 BAR_DAIRY,Золотой Стандарт,https://images.openfoodfacts.org/images/products/460/592/200/1737/front_ru.3.400.jpg
IMG_7852(1).HEIC,EAN13,4602358009689,ok,Лакомка,Сладкий снек для перекуса.,02 BAR_SNACKS,Корвка из Кореновки,https://images.openfoodfacts.org/images/products/460/235/800/9689/front_ru.3.400.jpg
IMG_7854(1).HEIC,EAN13,4602358006909,ok,Эскимо в шоколадной глазури с какао-крупкой 70г,Мороженое эскимо в шоколадной глазури с добавлением какао-крупки.,09 BAR_DAIRY,Коровка из Кореновки,https://images.openfoodfacts.org/images/products/460/235/800/6909/front_ru.3.400.jpg
IMG_7855(1).HEIC,EAN13,4660013331438,ok,,,,,
IMG_7858(1).HEIC,EAN13,4602358008224,ok,Пломбир фисташковый стак 460мл,Мороженое пломбир с фисташковым вкусом в стаканчике.,09 BAR_DAIRY,Корова,
IMG_7860(1).HEIC,EAN13,4602358003663,ok,Пломбир Крем-Брюле 460мл,Крем-брюле пломбир с нежным вкусом.,09 BAR_DAIRY,Коровка из Кореновки,
IMG_7862(1).HEIC,EAN13,4602358009696,ok,,,,,
IMG_7864(1).HEIC,EAN13,4605922001928,ok,,,,,
IMG_7866(1).HEIC,EAN13,4605922001737,ok,Пломбир Черничный 460г,Кремовый пломбир с черничным вкусом.,09 BAR_DAIRY,Золотой Стандарт,https://images.openfoodfacts.org/images/products/460/592/200/1737/front_ru.3.400.jpg
IMG_7868(1).HEIC,EAN13,4602358003472,ok,Пломбир Ванильный 100 г,Ванильный пломбир в вафельном стаканчике.,09 BAR_DAIRY,Коровка из Кореновки,https://images.openfoodfacts.org/images/products/460/235/800/3472/front_ru.3.400.jpg
IMG_7870(1).HEIC,EAN13,4602358007128,ok,Пломбир с шоколадной крошкой,Вкусный пломбир с шоколадной крошкой.,09 BAR_DAIRY,Коровка из Кореновки,
IMG_7872(1).HEIC,EAN13,4602358008224,ok,Пломбир фисташковый стак 460мл,Мороженое пломбир с фисташковым вкусом в стаканчике.,09 BAR_DAIRY,Корова,
IMG_7874(1).HEIC,EAN13,4605922001928,ok,,,,,
IMG_7876(1).HEIC,EAN13,4602358003472,ok,Пломбир Ванильный 100 г,Ванильный пломбир в вафельном стаканчике.,09 BAR_DAIRY,Коровка из Кореновки,https://images.openfoodfacts.org/images/products/460/235/800/3472/front_ru.3.400.jpg
IMG_7880(1).HEIC,EAN13,4602358010777,ok,,,,,
IMG_7882(1).HEIC,EAN13,4602358008064,ok,Пломбир манго-маракуйя 400 г,Вкусное мороженое с манго и маракуйей.,09 BAR_DAIRY,Коровка из Кореновки,https://images.openfoodfacts.org/images/products/460/235/800/8064/front_ru.4.400.jpg
IMG_7884(1).HEIC,EAN13,4860019001810,ok,Вода минеральная газированная 330ml,Природная лечебно-столовая минеральная вода с газом.,01 BAR_BEVERAGES,Borjomi,https://images.openfoodfacts.org/images/products/486/001/900/1810/front_en.14.400.jpg
IMG_7886(1).HEIC,EAN13,4860019003104,ok,Грузинский лимонад Limonati тархун 330 ml,Освежающий грузинский лимонад с ароматом тархуна.,01 BAR_BEVERAGES,Borjomi,https://images.openfoodfacts.org/images/products/486/001/900/3104/front_ru.3.400.jpg
IMG_7888(1).HEIC,EAN13,4860019003081,ok,,,,,
IMG_7890(1).HEIC,EAN13,4860019003043,ok,,,,,
IMG_7892(1).HEIC,EAN13,4860019001346,ok,Боржоми 0.5 л,"Минеральная вода Боржоми, 0.5 литра.",01 BAR_BEVERAGES,Borjomi,https://images.openfoodfacts.org/images/products/486/001/900/1346/front_fr.3.400.jpg
IMG_7894(1).HEIC,EAN13,4860019001339,ok,Минеральная вода Боржоми,Газированная минеральная вода из источников Боржоми.,01 BAR_BEVERAGES,Боржоми,https://images.openfoodfacts.org/images/products/486/001/900/1339/front_en.3.400.jpg
IMG_7896(1).HEIC,EAN13,4860019001414,ok,Минеральная вода Borjomi,"Минеральная вода Borjomi, известная своими полезными свойствами.",01 BAR_BEVERAGES,Borjomi,https://images.openfoodfacts.org/images/products/486/001/900/1414/front_en.9.400.jpg
IMG_7898(1).HEIC,EAN13,4860019001353,ok,Borjomi 0.5л,Минеральная вода Borjomi в бутылке 0.5 литра.,01 BAR_BEVERAGES,Borjomi,https://images.openfoodfacts.org/images/products/486/001/900/1353/front_fr.3.400.jpg
IMG_7902(1).HEIC,DataBar,72599118093341,ok,,,,,
IMG_7904(1).HEIC,EAN13,4870002326172,ok,,,,,
IMG_7906(1).HEIC,EAN13,4870001571030,ok,,,,,
IMG_7908(1).HEIC,EAN13,4870001571030,ok,,,,,
IMG_7912(1).HEIC,EAN13,4870234680219,ok,,,,,
IMG_7914(1).HEIC,EAN13,4870071000218,ok,Вода минеральная Tassay 0.5л,"Минеральная вода Tassay, очищенная и сбалансированная по минерализации.",01 BAR_BEVERAGES,Tassay,https://images.openfoodfacts.org/images/products/487/007/100/0218/front_ru.3.400.jpg
IMG_7916(1).HEIC,EAN13,4870234680332,ok,,,,,
IMG_7918(1).HEIC,EAN13,4870234680349,ok,,,,,
IMG_7920(1).HEIC,EAN13,4870234680950,ok,,,,,
IMG_7922(1).HEIC,EAN13,4870234681377,ok,,,,,
IMG_7924(1).HEIC,EAN13,4870234680219,ok,,,,,
IMG_7926(1).HEIC,EAN13,4870234681377,ok,,,,,
IMG_7928(1).HEIC,EAN13,4870234680219,ok,,,,,
IMG_7932(1).HEIC,EAN13,4870071003806,ok,,,,,
IMG_7934(1).HEIC,EAN13,4870071000195,ok,,,,,
IMG_7936(1).HEIC,EAN13,4870071000119,ok,,,,,
IMG_7938(1).HEIC,EAN13,4870234680943,ok,,,,,
IMG_7940(1).HEIC,EAN13,4870234680226,ok,Лимонная вода,Освежающая лимонная вода без газа.,01 BAR_BEVERAGES,Tassay,
IMG_7942(1).HEIC,EAN13,4870234680240,ok,,,,,
IMG_7944(1).HEIC,EAN13,4870234680226,ok,Лимонная вода,Освежающая лимонная вода без газа.,01 BAR_BEVERAGES,Tassay,
IMG_7948(1).HEIC,EAN13,4870234680943,ok,,,,,
IMG_7952(1).HEIC,EAN13,4870001157913,ok,,,,,
IMG_7954(1).HEIC,EAN13,4870001157937,ok,,,,,
IMG_7956(1).HEIC,EAN13,4870002325441,ok,Asu vo лимон,Напиток с лимонным вкусом от бренда Asu.,01 BAR_BEVERAGES,Asu,https://images.openfoodfacts.org/images/products/487/000/232/5441/front_ru.3.400.jpg
IMG_7958(1).HEIC,EAN13,4870002328404,ok,,,,,
IMG_7960(1).HEIC,EAN13,4870001571023,ok,"Асу со вкусом 0,5л","Напиток Асу с уникальным вкусом в упаковке 0,5 литра.",01 BAR_BEVERAGES,,https://images.openfoodfacts.org/images/products/487/000/157/1023/front_ru.3.400.jpg
IMG_7962(1).HEIC,EAN13,4870002325441,ok,Asu vo лимон,Напиток с лимонным вкусом от бренда Asu.,01 BAR_BEVERAGES,Asu,https://images.openfoodfacts.org/images/products/487/000/232/5441/front_ru.3.400.jpg
IMG_7964(1).HEIC,EAN13,4870001159955,ok,Вода Asu негазированная 1л,"Негазированная вода Asu, объем 1 литр.",01 BAR_BEVERAGES,asu,https://images.openfoodfacts.org/images/products/487/000/115/9955/front_ru.6.400.jpg
IMG_7966.HEIC,EAN13,4870001159948,ok,,,,,
IMG_7968.HEIC,EAN13,4870001571030,ok,,,,,
IMG_7970.HEIC,EAN13,4870001571030,ok,,,,,
IMG_7972.HEIC,EAN13,4870001571573,ok,,,,,
IMG_7974.HEIC,EAN13,4870035006706,ok,Неизвестный товар,Неизвестный товар без описания.,12 BAR_OTHER,Неизвестный производитель,https://images.openfoodfacts.org/images/products/487/003/500/6706/front_ru.3.400.jpg
IMG_7976(1).HEIC,EAN13,4870035000926,ok,,,,,
IMG_7978(1).HEIC,EAN8,48705011,ok,,,,,
IMG_7980(1).HEIC,DataMatrix,44311128,ok,,,,,
IMG_7982(1).HEIC,DataMatrix,44311138,ok,,,,,
IMG_7988(1).HEIC,EAN13,4600765027227,ok,,,,,
IMG_7990(1).HEIC,EAN13,4600765027616,ok,,,,,
IMG_7992(1).HEIC,EAN13,4600765026008,ok,,,,,
IMG_7994(1).HEIC,EAN13,4600765025995,ok,,,,,
IMG_7996(1).HEIC,EAN13,4601662006490,ok,,,,,
IMG_7998(1).HEIC,EAN13,8850813910087,ok,,,,,
IMG_8001(1).HEIC,EAN13,4870001546489,ok,,,,,
IMG_8029(1).HEIC,EAN13,7622201459826,ok,Ореховая паста 350 г,Сладкая паста из лесного ореха и шоколада.,03 BAR_PACKAGED_FOOD,Milka,https://images.openfoodfacts.org/images/products/762/220/145/9826/front_ru.5.400.jpg
IMG_8031(1).HEIC,EAN13,4603825000932,ok,,,,,
IMG_8033(1).HEIC,EAN13,4603825001113,ok,Паста Шоколадно-ореховая,Шоколадно-ореховая паста для намазывания.,03 BAR_PACKAGED_FOOD,Бурёшка,
IMG_8037(1).HEIC,EAN8,40084176,ok,Киндер Кантри 23.5г,Шоколадный батончик с молоком и злаками.,02 BAR_SNACKS,"Ferrero, Kinder",https://images.openfoodfacts.org/images/products/000/004/008/4176/front_de.86.400.jpg
IMG_8039(1).HEIC,EAN8,80052463,ok,Деликатес Какао 42 г,Сладкий шоколадный снек с какао.,02 BAR_SNACKS,Kinder,https://images.openfoodfacts.org/images/products/000/008/005/2463/front_fr.12.400.jpg
IMG_8041(1).HEIC,EAN13,7622210832498,ok,,,,,
IMG_9442.HEIC,EAN13,8427894009797,ok,,,,,
IMG_9446.HEIC,EAN13,8427894009704,ok,,,,,
IMG_9448.HEIC,DataBar,49710216599708,ok,,,,,
IMG_9450.HEIC,EAN13,8427894009711,ok,,,,,
IMG_9452.HEIC,EAN13,8427894009728,ok,,,,,
IMG_9454.HEIC,MicroQRCode,0307242023046002029120,ok,,,,,
IMG_9456.HEIC,EAN13,4860038001068,ok,,,,,
IMG_9458.HEIC,MicroQRCode,2105242022046002020120,ok,,,,,
IMG_9459.HEIC,DataBar,78541390395662,ok,,,,,
IMG_9462.HEIC,MicroQRCode,0608242023046002013110,ok,,,,,
IMG_9466.HEIC,EAN13,4870044000962,ok,,,,,
IMG_9468.HEIC,EAN13,4870044006063,ok,,,,,
IMG_9470.HEIC,EAN13,4870044004762,ok,,,,,
IMG_9472.HEIC,EAN13,4870044005394,ok,,,,,
IMG_9474.HEIC,EAN13,4870044004946,ok,,,,,
IMG_9478.HEIC,EAN13,4870044004939,ok,,,,,
IMG_9480.HEIC,EAN13,4870044005240,ok,,,,,
IMG_9481.HEIC,DataBar,06774512935023,ok,,,,,
IMG_9482.HEIC,EAN13,4870044005233,ok,,,,,
IMG_9486.HEIC,EAN13,8030810014746,ok,,,,,
IMG_9488.HEIC,EAN13,8030810074153,ok,,,,,
IMG_9490.HEIC,EAN13,4870213930502,ok,,,,,
IMG_9492.HEIC,EAN13,4870213930670,ok,,,,,
IMG_9494.HEIC,EAN13,4870213932810,ok,,,,,
IMG_9496.HEIC,EAN13,4870004174221,ok,,,,,
IMG_9498.HEIC,EAN13,4870031007059,ok,,,,,
IMG_9500.HEIC,EAN13,4870244500316,ok,,,,,
IMG_9501.HEIC,EAN13,4870001304225,ok,,,,,
IMG_9504.HEIC,EAN13,4870213930021,ok,,,,,
IMG_9506.HEIC,EAN13,4870213930281,ok,,,,,
IMG_9508.HEIC,EAN13,4870031007851,ok,,,,,
IMG_9510.HEIC,EAN13,4870001304270,ok,,,,,
IMG_9512.HEIC,EAN13,4870213932476,ok,,,,,
IMG_9514.HEIC,EAN13,4870001304041,ok,,,,,
IMG_9515.HEIC,EAN13,4870001302542,ok,,,,,
IMG_9517.HEIC,EAN13,4870001304546,ok,,,,,
IMG_9519.HEIC,EAN13,4870001304218,ok,,,,,
IMG_9521.HEIC,EAN13,4870001304034,ok,,,,,
IMG_9524.HEIC,EAN13,4870244500941,ok,,,,,
IMG_9525.HEIC,EAN13,4870213932438,ok,,,,,
IMG_9528.HEIC,EAN13,4870031000678,ok,,,,,
IMG_9530.HEIC,MicroQRCode,3007242023046002004110,ok,,,,,
IMG_9534.HEIC,MicroQRCode,0705242022046002032125,ok,,,,,
IMG_9538.HEIC,EAN13,4860038000160,ok,,,,,
IMG_9540.HEIC,EAN13,4870009003533,ok,,,,,
IMG_9541.HEIC,DataBar,32930783984671,ok,,,,,
IMG_9542.HEIC,EAN13,4870009003540,ok,,,,,
IMG_9544.HEIC,EAN13,4870044006056,ok,,,,,
IMG_9546.HEIC,EAN13,8003325601374,ok,Ил Мио Россо 75cl,Красное вино Il mio rosso от CHIARLI.,11 BAR_ALCOHOL_TOBACCO,CHIARLI,https://images.openfoodfacts.org/images/products/800/332/560/1374/front_fr.3.400.jpg
IMG_9548.HEIC,EAN13,8003325003406,ok,Ламбруско Делл'Эмилия IGT Белое Игристое 0.75л,Игристое белое вино из региона Эмилия-Романья.,11 BAR_ALCOHOL_TOBACCO,Chiarli,
IMG_9550.HEIC,EAN13,8003325532036,ok,,,,,
IMG_9552.HEIC,EAN13,8000548005033,ok,Асти 75 cl,"Итальянское игристое вино Асти, объем 75 cl.",11 BAR_ALCOHOL_TOBACCO,Capetta,https://images.openfoodfacts.org/images/products/800/054/800/5033/front_fr.3.400.jpg
IMG_9554.HEIC,EAN13,8000548005088,ok,,,,,
IMG_9555.HEIC,DataBar,16647936791261,ok,,,,,
IMG_9559.HEIC,EAN13,4870071000256,ok,Вода питьевая Tassay 5 л,Питьевая вода в упаковке 5 литров.,01 BAR_BEVERAGES,Tassay,https://images.openfoodfacts.org/images/products/487/007/100/0256/front_ru.8.400.jpg
IMG_9561.HEIC,DataBar,52250727761569,ok,,,,,
IMG_9562.HEIC,EAN13,4870001571320,ok,,,,,
IMG_9567.HEIC,EAN13,4690388116408,ok,Гум Орловская Хрустим индейка,"Снэк из индейки, хрустящий и вкусный.",03 BAR_PACKAGED_FOOD,Орловская,https://images.openfoodfacts.org/images/products/469/038/811/6408/front_ru.3.400.jpg
IMG_9568.HEIC,DataBar,28097841586097,ok,,,,,
IMG_9569.HEIC,EAN13,4690388123802,ok,,,,,
IMG_9571.HEIC,EAN13,4690388124502,ok,,,,,
IMG_9575.HEIC,EAN13,4690388105617,ok,Багет Сухарики,"Сухарики из багета, хрустящие и вкусные.",02 BAR_SNACKS,Хрус team,
IMG_9577.HEIC,EAN13,4640238870349,ok,,,,,
IMG_9579.HEIC,EAN13,4690388110130,ok,Хоружей 17 хрустим сметана зеленб,Хрустящие снеки со вкусом сметаны и зелени.,09 BAR_DAIRY,,https://images.openfoodfacts.org/images/products/469/038/811/0130/front_ru.9.400.jpg
IMG_9581.HEIC,EAN13,4690388104566,ok,,,,,
IMG_9582.HEIC,DataBar,71152371533804,ok,,,,,
IMG_9583.HEIC,EAN13,4690388105518,ok,Пендира Xrus team,"Пендира от Xrus team, идеальный аксессуар для повседневного использования.",12 BAR_OTHER,Xrus team,https://images.openfoodfacts.org/images/products/469/038/810/5518/front_ru.3.400.jpg
IMG_9584.HEIC,DataBar,21838737774924,ok,,,,,
IMG_9585.HEIC,EAN13,4690388117238,ok,,,,,
IMG_9587.HEIC,EAN13,4690388008079,ok,Гум Орловская сухарики хрустим томат и зелень 1 шт.,"Сухарики с вкусом томата и зелени, хрустящие и аппетитные.",02 BAR_SNACKS,,https://images.openfoodfacts.org/images/products/469/038/800/8079/front_ru.16.400.jpg
IMG_9589.HEIC,EAN13,4690388118150,ok,,,,,
IMG_9591.HEIC,EAN13,4690388008062,ok,Хрустим сырное ассорти смотка,Ассорти хрустящих сырных закусок в удобной упаковке.,02 BAR_SNACKS,ХрусTeam,https://images.openfoodfacts.org/images/products/469/038/800/8062/front_en.5.400.jpg
IMG_9593.HEIC,EAN13,4690388117238,ok,,,,,
IMG_9595.HEIC,EAN13,4690388013653,ok,Крабовые палочки хрустим 200г,Крабовые палочки для закусок и салатов.,02 BAR_SNACKS,Соседи,https://images.openfoodfacts.org/images/products/469/038/801/3653/front_ru.3.400.jpg
IMG_9596.HEIC,DataBar,40131253014273,ok,,,,,
IMG_9597.HEIC,EAN13,4870235682038,ok,,,,,
IMG_9599.HEIC,EAN13,4870235681376,ok,,,,,
IMG_9601.HEIC,EAN13,4870235680546,ok,,,,,
IMG_9603.HEIC,EAN13,4870235681369,ok,,,,,
IMG_9605.HEIC,EAN13,4870235681406,ok,,,,,
IMG_9607.HEIC,EAN13,4870235681383,ok,,,,,
IMG_9611.HEIC,EAN13,4870212680637,ok,,,,,
IMG_9612.HEIC,EAN13,4870242900408,ok,,,,,
IMG_9617.HEIC,DataBar,99183139126569,ok,,,,,
IMG_9619.HEIC,UPCA,769503777733,ok,,,,,
IMG_9620.HEIC,DataBar,50408220682450,ok,,,,,
IMG_9625.HEIC,EAN13,4660085511462,ok,,,,,
IMG_9627.HEIC,EAN13,4660085511509,ok,Орбит Refreshers мята 16г,Жевательная резинка с мятным вкусом в упаковке 16 грамм.,02 BAR_SNACKS,Орбит,https://images.openfoodfacts.org/images/products/466/008/551/1509/front_ru.3.400.jpg
IMG_9629.HEIC,EAN8,46153715,ok,Жевательная резинка Orbit White Bubblemint 15 шт,Жевательная резинка без сахара со вкусом фруктов и мяты.,02 BAR_SNACKS,"Wrigley's, ООО ""Марс""",https://images.openfoodfacts.org/images/products/000/004/615/3715/front_ru.11.400.jpg
IMG_9631.HEIC,EAN8,46146632,ok,Орбит жевательная резинка клубника,Жевательная резинка со вкусом клубники.,02 BAR_SNACKS,Wrigley's,https://images.openfoodfacts.org/images/products/000/004/614/6632/front_ru.8.400.jpg
IMG_9633.HEIC,EAN8,46146625,ok,Жевательная резинка Orbit 20.4 г,Жевательная резинка без сахара с освежающим вкусом.,02 BAR_SNACKS,Orbit,https://images.openfoodfacts.org/images/products/000/004/614/6625/front_ru.9.400.jpg
IMG_9635.HEIC,EAN8,46196613,ok,"Жевательная резинка 20,4 г",Жевательная резинка с освежающим вкусом.,02 BAR_SNACKS,Wrigley's,https://images.openfoodfacts.org/images/products/000/004/619/6613/front_fr.12.400.jpg
IMG_9637.HEIC,EAN8,46153708,ok,Орбит мята,Жевательная резинка со вкусом мяты.,12 BAR_OTHER,,https://images.openfoodfacts.org/images/products/000/004/615/3708/front_ru.7.400.jpg
IMG_9639.HEIC,EAN8,50173976,ok,Жевательная резинка Orbit 14 г,"Жевательная резинка без сахара, 14 г.",02 BAR_SNACKS,Wrigley's,https://images.openfoodfacts.org/images/products/000/005/017/3976/front_uk.9.400.jpg
IMG_9641.HEIC,EAN8,50173617,ok,Чиклеты Orbit Эвкалипт 14г,"Без сахара, освежающие чиклеты с вкусом эвкалипта.",02 BAR_SNACKS,Orbit,https://images.openfoodfacts.org/images/products/000/005/017/3617/front_fr.24.400.jpg
IMG_9643.HEIC,EAN8,50173822,ok,Orbit Спирминт 14 г,Безуглеводные жевательные резинки со вкусом мяты.,02 BAR_SNACKS,Orbit,https://images.openfoodfacts.org/images/products/000/005/017/3822/front_en.50.400.jpg
IMG_9645.HEIC,EAN8,42069942,ok,"Жевательная резинка без сахара 13,6 г",Жевательная резинка без сахара от бренда Марс.,02 BAR_SNACKS,Марс,https://images.openfoodfacts.org/images/products/000/004/206/9942/front_en.3.400.jpg
IMG_9647.HEIC,EAN8,46141538,ok,"Жевательная резинка BubbleMint 13,6 г",Жевательная резинка без сахара с мятным вкусом.,02 BAR_SNACKS,Orbit,https://images.openfoodfacts.org/images/products/000/004/614/1538/front_bg.11.400.jpg
IMG_9649.HEIC,EAN8,42113270,ok,Жевательная резинка Orbit без сахара 14 шт,Жевательная резинка без сахара с освежающим вкусом.,02 BAR_SNACKS,Orbit,https://images.openfoodfacts.org/images/products/000/004/211/3270/front_fr.17.400.jpg
IMG_9651.HEIC,EAN8,40099484,ok,Жевательная резинка Orbit White,Жевательная резинка без сахара с мятным вкусом.,02 BAR_SNACKS,Orbit,https://images.openfoodfacts.org/images/products/000/004/009/9484/front_fr.3.400.jpg
IMG_9653.HEIC,EAN8,42101901,ok,"Эклипс, ледяная свежесть 13.6г",Жевательная резинка с ледяной свежестью.,12 BAR_OTHER,Марс,https://images.openfoodfacts.org/images/products/000/004/210/1901/front_ru.7.400.jpg
IMG_9655.HEIC,EAN8,46107084,ok,Эклипс 13.6 г,Жевательная резинка Eclipse в упаковке 13.6 г.,02 BAR_SNACKS,Wrigley's,https://images.openfoodfacts.org/images/products/000/004/610/7084/front_ru.3.400.jpg
IMG_9657.HEIC,EAN8,46236197,ok,"Орбит манго 13,6 г",Жевательная резинка со вкусом манго.,02 BAR_SNACKS,Wrigley's,https://images.openfoodfacts.org/images/products/000/004/623/6197/front_ru.11.400.jpg
IMG_9659.HEIC,EAN8,46249876,ok,"Жев. резинка со вкусом граната и малины 13,6г",Жевательная резинка с вкусом граната и малины.,02 BAR_SNACKS,Orbit,https://images.openfoodfacts.org/images/products/000/004/624/9876/front_ru.3.400.jpg
IMG_9661.HEIC,EAN8,42203100,ok,Орбит Клубника банан,Жевательная резинка со вкусом клубники и банана.,02 BAR_SNACKS,,https://images.openfoodfacts.org/images/products/000/004/220/3100/front_ru.11.400.jpg
IMG_9663.HEIC,EAN8,46116482,ok,"Орбит ягодный микс 13,6 г",Жевательная резинка с ягодным вкусом.,02 BAR_SNACKS,Марс,https://images.openfoodfacts.org/images/products/000/004/611/6482/front_ru.6.400.jpg
IMG_9665.HEIC,EAN8,50173808,ok,Жевательная резинка Orbit Sweetmint 14g,Жевательная резинка со вкусом сладкой мяты.,02 BAR_SNACKS,Orbit,https://images.openfoodfacts.org/images/products/000/005/017/3808/front_en.7.400.jpg
IMG_9667.HEIC,EAN8,42113164,ok,Орбит белый 14 г,Без сахара жевательная резинка с мятным вкусом.,02 BAR_SNACKS,Orbit,https://images.openfoodfacts.org/images/products/000/004/211/3164/front_es.3.400.jpg
IMG_9669.HEIC,EAN8,42124016,ok,"Eclipse ледяная вишня 13,6g",Жевательная резинка со вкусом ледяной вишни.,02 BAR_SNACKS,Wrigley's,https://images.openfoodfacts.org/images/products/000/004/212/4016/front_ru.26.400.jpg
IMG_9671.HEIC,EAN13,8887290103008,ok,,,,,
IMG_9673.HEIC,EAN13,8887290101004,ok,Кофейный микс 20гр,Смесь растворимого кофе для быстрого приготовления.,01 BAR_BEVERAGES,MacCoffee,https://images.openfoodfacts.org/images/products/888/729/010/1004/front_en.35.400.jpg
IMG_9675.HEIC,EAN13,4607065736965,ok,Сникерс 50г,Шоколадный батончик с карамелью и орехами.,02 BAR_SNACKS,Mars,
IMG_9677.HEIC,EAN13,4607065001445,ok,"Сникерс 50,5 г",Шоколадный батончик с карамелью и арахисом.,02 BAR_SNACKS,Snickers,https://images.openfoodfacts.org/images/products/460/706/500/1445/front_uz.24.400.jpg
IMG_9679.HEIC,EAN13,4011100977624,ok,Bounty 55g,Шоколадный батончик с кокосовой начинкой.,02 BAR_SNACKS,Bounty,https://images.openfoodfacts.org/images/products/401/110/097/7624/front_ar.20.400.jpg
IMG_9681.HEIC,EAN13,4607065730109,ok,Snickers «Белый» 81g,Шоколадный батончик с арахисом и карамелью в белом шоколаде.,02 BAR_SNACKS,Snickers,https://images.openfoodfacts.org/images/products/460/706/573/0109/front_ru.6.400.jpg
IMG_9683.HEIC,EAN13,4607065735425,ok,,,,,
IMG_9685.HEIC,EAN13,4660085515163,ok,Сникерс Супер 80г,Шоколадный батончик с карамелью и орехами.,02 BAR_SNACKS,Snickers,https://images.openfoodfacts.org/images/products/466/008/551/5163/front_en.4.400.jpg
IMG_9687.HEIC,EAN13,4011100091993,ok,Шоколадный батончик Milky Way 26 г,Вкусный шоколадный батончик с карамелью и нугой.,02 BAR_SNACKS,Milky Way,https://images.openfoodfacts.org/images/products/401/110/009/1993/front_en.20.400.jpg
IMG_9689.HEIC,EAN13,8000500224281,ok,Нутелла 22г,"Крем с шоколадом и орехами, идеален для перекуса.",02 BAR_SNACKS,Nutella,https://images.openfoodfacts.org/images/products/800/050/022/4281/front_ar.23.400.jpg
IMG_9690.HEIC,DataBar,54051838907222,ok,,,,,
IMG_9691.HEIC,EAN13,5000159439480,ok,Сникерс с лесным орехом 81 г,Шоколадный батончик с лесным орехом и карамелью.,02 BAR_SNACKS,Марс,https://images.openfoodfacts.org/images/products/500/015/943/9480/front_ru.49.400.jpg
IMG_9693.HEIC,EAN13,4607065738310,ok,CRISP 20 г,Хрустящие закуски от бренда Марс в упаковке 20 г.,02 BAR_SNACKS,Марс,https://images.openfoodfacts.org/images/products/460/706/573/8310/front_ru.6.400.jpg
IMG_9695.HEIC,EAN13,5900020023308,ok,Злаковый батончик 24 г,Энергетический злаковый батончик для перекуса.,02 BAR_SNACKS,"Nestle, Fitness",https://images.openfoodfacts.org/images/products/590/002/002/3308/front_en.9.400.jpg
IMG_9697.HEIC,EAN13,4011100091108,ok,Шоколадный батончик Mars 50г,Вкусный шоколадный батончик с карамелью и нугой.,02 BAR_SNACKS,Mars,https://images.openfoodfacts.org/images/products/401/110/009/1108/front_en.14.400.jpg
IMG_9699.HEIC,EAN13,5000159390729,ok,Twix Xtra 82 г (2 x 41 г),Шоколадный батончик с карамелью и печеньем.,02 BAR_SNACKS,Twix,https://images.openfoodfacts.org/images/products/500/015/939/0729/front_ru.16.400.jpg
IMG_9701.HEIC,EAN13,5000159381178,ok,"Bounty Trio 82,5 г (3 x 27,5 г)",Шоколадные батончики с кокосовой начинкой.,02 BAR_SNACKS,Bounty,https://images.openfoodfacts.org/images/products/500/015/938/1178/front_ru.40.400.jpg
IMG_9703.HEIC,EAN13,4011100977952,ok,Твикс 55 г,Шоколадный батончик с карамелью и печеньем.,02 BAR_SNACKS,Марс,https://images.openfoodfacts.org/images/products/401/110/097/7952/front_ru.18.400.jpg
IMG_9705.HEIC,EAN13,6221134013320,ok,Хрустящие роллы,Хрустящие закусочные роллы с насыщенным вкусом.,02 BAR_SNACKS,Bounty,https://images.openfoodfacts.org/images/products/622/113/401/3320/front_en.4.400.jpg
IMG_9707.HEIC,EAN13,8682718457967,ok,,,,,
IMG_9709.HEIC,EAN8,46247919,ok,Брауни Дуо 46247919,Вкусные брауни с орехами в упаковке.,02 BAR_SNACKS,Nuts,
IMG_9711.HEIC,EAN13,8851869350308,ok,,,,,
IMG_9713.HEIC,EAN13,4690329016262,ok,,,,,
IMG_9715.HEIC,EAN13,4870004425217,ok,,,,,
IMG_9717.HEIC,EAN8,40144313,ok,"Mamba 2в1 79,5г",Сладкие жевательные конфеты Mamba в упаковке 2в1.,02 BAR_SNACKS,,https://images.openfoodfacts.org/images/products/000/004/014/4313/front_ru.3.400.jpg
IMG_9719.HEIC,EAN8,40144146,ok,Мамба,Жевательная резинка Мамба с фруктовыми вкусами.,02 BAR_SNACKS,,https://images.openfoodfacts.org/images/products/000/004/014/4146/front_ru.3.400.jpg
IMG_9721.HEIC,EAN8,46268471,ok,Мармелад жевательный Fruittella 36г,Жевательный мармелад со вкусом ягод в упаковке 36г.,02 BAR_SNACKS,Fruit-tella,https://images.openfoodfacts.org/images/products/000/004/626/8471/front_ru.6.400.jpg
IMG_9723.HEIC,EAN13,4602606003728,ok,Мармелад жевательный «Змеи XXL»,"Жевательный мармелад в форме змей, сладкий и ароматный.",02 BAR_SNACKS,Fruit-tella,
IMG_9725.HEIC,DataMatrix,274507,ok,,,,,
IMG_9727.HEIC,EAN13,4600680029429,ok,Бон Пари Дуо Коги Смотка,Сухой корм для собак с курицей и овощами.,08 BAR_PET_SUPPLIES,Бон Пари,https://images.openfoodfacts.org/images/products/460/068/002/9429/front_ru.6.400.jpg
IMG_9731.HEIC,EAN13,4602606017671,ok,Фансы 100г,Сладкие закуски в виде леденцов с фруктовым вкусом.,02 BAR_SNACKS,Chupa Chups,
IMG_9733.HEIC,EAN13,4602606003728,ok,Мармелад жевательный «Змеи XXL»,"Жевательный мармелад в форме змей, сладкий и ароматный.",02 BAR_SNACKS,Fruit-tella,
IMG_9735.HEIC,EAN8,42203223,ok,Скиттлс 2в1 38 гр,Конфеты Skittles с уникальным вкусом 2в1.,02 BAR_SNACKS,Skittles,https://images.openfoodfacts.org/images/products/000/004/220/3223/front_ru.4.400.jpg
IMG_9737.HEIC,EAN8,46226921,ok,"Нескафе 14,5 г","Кофе растворимый, быстрорастворимый, удобный для приготовления.",01 BAR_BEVERAGES,Nestle,https://images.openfoodfacts.org/images/products/000/004/622/6921/front_ru.12.400.jpg
IMG_9739.HEIC,EAN8,46226938,ok,,,,,
IMG_9741.HEIC,EAN8,46226907,ok,3 в 1 мягкий,Instant coffee blend with plant-based ingredients.,01 BAR_BEVERAGES,,https://images.openfoodfacts.org/images/products/000/004/622/6907/front_ru.12.400.jpg
IMG_9743.HEIC,EAN8,46220714,ok,Nescafé Latte 18 г,Растворимый кофе Nescafé Latte для быстрого приготовления.,01 BAR_BEVERAGES,Nescafé,https://images.openfoodfacts.org/images/products/000/004/622/0714/front_ru.5.400.jpg
IMG_9745.HEIC,EAN8,46220721,ok,Нескафе,Кофе растворимый Nescafé для быстрого приготовления.,01 BAR_BEVERAGES,Nescafé,
IMG_9747.HEIC,EAN13,4630007401423,ok,,,,,
IMG_9749.HEIC,EAN13,4014400901191,ok,Шоколадные конфеты merci Finest Selection 250g,Ассорти шоколадных конфет в упаковке 250 грамм.,02 BAR_SNACKS,Storck,https://images.openfoodfacts.org/images/products/401/440/090/1191/front_en.250.400.jpg
IMG_9751.HEIC,EAN13,4014400901405,ok,"Шоколад Merci с начинкой, 12.5 г","Молочный шоколад с начинкой, 12.5 г.",02 BAR_SNACKS,"Merci, Storck",https://images.openfoodfacts.org/images/products/401/440/090/1405/front_en.112.400.jpg
IMG_9753.HEIC,DataMatrix,266986,ok,,,,,
IMG_9755.HEIC,EAN13,4870200143748,ok,,,,,
IMG_9757.HEIC,EAN13,4870036001205,ok,Шоколад Казахстанский 100 г,Качественный шоколад из Казахстана в упаковке 100 г.,02 BAR_SNACKS,,https://images.openfoodfacts.org/images/products/487/003/600/1205/front_en.21.400.jpg
IMG_9759.HEIC,EAN13,4870028006041,ok,Шоколад Казахстанский,Качественный шоколад из Казахстана.,03 BAR_PACKAGED_FOOD,Bayan Sulu,
IMG_9761.HEIC,EAN13,4600680033068,ok,,,,,
IMG_9763.HEIC,EAN13,7622201695958,ok,Шоколад молочный с фундуком 80 г,"Молочный шоколад с фундуком, вес 80 г.",02 BAR_SNACKS,Alpen Gold,https://images.openfoodfacts.org/images/products/762/220/169/5958/front_ru.6.400.jpg
IMG_9765.HEIC,EAN13,7622202395727,ok,Шоколад Alpen Gold,Вкусный шоколад Alpen Gold с разнообразными начинками.,03 BAR_PACKAGED_FOOD,Alpen Gold,https://images.openfoodfacts.org/images/products/762/220/239/5727/front_en.21.400.jpg
IMG_9767.HEIC,EAN13,7622201696078,ok,Молочный шоколад с арахисом и хлопьями,Вкусный молочный шоколад с арахисом и хрустящими хлопьями.,03 BAR_PACKAGED_FOOD,Alpen Gold,https://images.openfoodfacts.org/images/products/762/220/169/6078/front_ru.3.400.jpg
IMG_9769.HEIC,EAN13,7622202395659,ok,,,,,
IMG_9771.HEIC,EAN13,7622202035371,ok,,,,,
IMG_9773.HEIC,EAN13,7622202035432,ok,,,,,
IMG_9779.HEIC,EAN13,7622202035401,ok,,,,,
IMG_9781.HEIC,EAN13,7622202035463,ok,,,,,
IMG_9783.HEIC,EAN13,7622202035494,ok,,,,,
IMG_9785.HEIC,EAN13,7622202397318,ok,,,,,
IMG_9787.HEIC,EAN13,7622202394669,ok,,,,,
IMG_9789.HEIC,EAN13,3800020492901,ok,,,,,
IMG_9791.HEIC,EAN13,3800020453407,ok,Киткат батончик,Шоколадный батончик с хрустящими вафлями.,02 BAR_SNACKS,KitKat,https://images.openfoodfacts.org/images/products/380/002/045/3407/front_ru.3.400.jpg
IMG_9792.HEIC,DataBar,61261476314584,ok,,,,,
IMG_9793.HEIC,EAN13,3800020453414,ok,,,,,
IMG_9795.HEIC,EAN13,8935001727996,ok,,,,,
IMG_9797.HEIC,EAN13,8682718459008,ok,Шоколадное печенье 1шт,Вкусное шоколадное печенье для перекуса.,10 BAR_BAKERY BAR_STAPLES,Aldiva,https://images.openfoodfacts.org/images/products/868/271/845/9008/front_de.3.400.jpg
IMG_9799.HEIC,EAN8,40052403,ok,Песочное печенье с молочным шоколадом (41 г),"Песочное печенье, покрытое молочным шоколадом.",02 BAR_SNACKS,"KitKat, Nestlé",https://images.openfoodfacts.org/images/products/000/004/005/2403/front_es.185.400.jpg
IMG_9801.HEIC,EAN8,80741251,ok,Шоколадный киндер-сюрприз Барби 20г,"Шоколадный сюрприз с игрушкой внутри, вес 20г.",03 BAR_PACKAGED_FOOD,Kínder,https://images.openfoodfacts.org/images/products/000/008/074/1251/front_es.22.400.jpg
IMG_9803.HEIC,EAN8,80741244,ok,Киндер Сюрприз 20г,Шоколадное яйцо с игрушкой внутри.,02 BAR_SNACKS,Kínder,https://images.openfoodfacts.org/images/products/000/008/074/1244/front_fr.25.400.jpg
IMG_9805.HEIC,EAN8,80310891,ok,Киндер Джой 20 г,Шоколадный десерт с игрушкой внутри.,02 BAR_SNACKS,"Ferrero, Kinder",https://images.openfoodfacts.org/images/products/000/008/031/0891/front_en.134.400.jpg
IMG_9809.HEIC,EAN13,4600680027463,ok,Goodmix,Смесь для здорового питания с разнообразными ингредиентами.,12 BAR_OTHER,Goodmix,
IMG_9811.HEIC,EAN13,4600680025445,ok,GoodMix солёный арахис оранжевый смотка,Солёный арахис в удобной упаковке для перекуса.,02 BAR_SNACKS,GoodMix,https://images.openfoodfacts.org/images/products/460/068/002/5445/front_ru.4.400.jpg
IMG_9813.HEIC,EAN8,80177609,ok,Шоколад Kinder 50 г,Шоколадное изделие с молочной начинкой.,02 BAR_SNACKS,Kinder,https://images.openfoodfacts.org/images/products/000/008/017/7609/front_en.256.400.jpg
IMG_9815.HEIC,EAN8,46003553,ok,Орехи Нестле Россия,Сладкие ореховые закуски от Нестле.,02 BAR_SNACKS,Нестле Россия,https://images.openfoodfacts.org/images/products/000/004/600/3553/front_ru.6.400.jpg
IMG_9817.HEIC,EAN8,46025418,ok,Натс дуо смотка,"Смотка для натс дуо, универсальное применение.",12 BAR_OTHER,,https://images.openfoodfacts.org/images/products/000/004/602/5418/front_ru.3.400.jpg
IMG_9819.HEIC,EAN13,7622201711825,ok,Пикник Супер Арахис 100г,Сладкий арахис в шоколаде для перекуса.,02 BAR_SNACKS,Alpen Gold,https://images.openfoodfacts.org/images/products/762/220/171/1825/front_en.3.400.jpg
IMG_9821.HEIC,EAN13,7622210336743,ok,,,,,
IMG_9823.HEIC,EAN13,7622210858580,ok,,,,,
IMG_9825.HEIC,EAN13,7622210336729,ok,Барни,Вкусные печенья с начинкой для детей.,02 BAR_SNACKS,Барни,https://images.openfoodfacts.org/images/products/762/221/033/6729/front_ru.3.400.jpg
IMG_9827.HEIC,EAN13,4670082502950,ok,M&m's апельсиновые,Шоколадные конфеты с апельсиновым вкусом.,02 BAR_SNACKS,M&m's,
IMG_9829.HEIC,EAN13,5900951315084,ok,,,,,
IMG_9831.HEIC,EAN13,4607065000868,ok,м&мс с молочным шоколадом 45г,Шоколадные конфеты с молочным шоколадом в упаковке 45г.,03 BAR_PACKAGED_FOOD,Mars,https://images.openfoodfacts.org/images/products/460/706/500/0868/front_ru.25.400.jpg
IMG_9833.HEIC,EAN13,4607065000790,ok,Драже M&M с арахисом и шоколадом 45г,Драже с арахисом в молочном шоколаде.,02 BAR_SNACKS,Mars,https://images.openfoodfacts.org/images/products/460/706/500/0790/front_ru.30.400.jpg
IMG_9835.HEIC,EAN13,4607065731755,ok,м&мс солёный с арахисом 45г,Солёные конфеты M&M's с арахисом в упаковке 45 грамм.,02 BAR_SNACKS,M&M's,https://images.openfoodfacts.org/images/products/460/706/573/1755/front_ru.8.400.jpg
IMG_9837.HEIC,EAN13,7622210375735,ok,,,,,
IMG_9839.HEIC,EAN13,7622210375674,ok,Песочное печенье Oreo 154 г,"Песочное печенье с кремовой начинкой, популярное лакомство.",02 BAR_SNACKS,Oreo,https://images.openfoodfacts.org/images/products/762/221/037/5674/front_ar.5.400.jpg
IMG_9841.HEIC,EAN13,7622202206191,ok,Орео,Песочное печенье с кремовой начинкой.,02 BAR_SNACKS,Oreo,
IMG_9845.HEIC,EAN13,8801038595962,ok,,,,,
IMG_9850.HEIC,EAN13,6900241400369,ok,,,,,
IMG_9852.HEIC,EAN13,8801038593210,ok,,,,,
IMG_9854.HEIC,EAN13,3014260263331,ok,,,,,
IMG_9856.HEIC,EAN8,46164292,ok,,,,,
IMG_9858.HEIC,EAN8,57023861,ok,,,,,
IMG_9860.HEIC,EAN8,46165411,ok,Жевательная резинка Dirol,Жевательная резинка с освежающим вкусом.,02 BAR_SNACKS,Dirol,https://images.openfoodfacts.org/images/products/000/004/616/5411/front_ru.4.400.jpg
IMG_9862.HEIC,EAN13,7622201677367,ok,,,,,
IMG_9864.HEIC,EAN13,7622201677404,ok,,,,,
IMG_9866.HEIC,EAN13,7622202228865,ok,,,,,
IMG_9868.HEIC,EAN8,46227737,ok,Ментос Пур Фреш Арбуз,Конфеты Mentos с вкусом арбуза.,02 BAR_SNACKS,Mentos,https://images.openfoodfacts.org/images/products/000/004/622/7737/front_ru.5.400.jpg
IMG_9870.HEIC,EAN13,8000500191712,ok,Тик Так клубничный микс,Сладкие конфеты с клубничным вкусом.,02 BAR_SNACKS,Tic Tac,https://images.openfoodfacts.org/images/products/800/050/019/1712/front_fr.3.400.jpg
IMG_9872.HEIC,EAN8,57023663,ok,,,,,
IMG_9874.HEIC,EAN13,4008400399324,ok,Тик-Так Апельсин 49 г,Сладкие конфеты с апельсиновым вкусом.,02 BAR_SNACKS,Tic tac,https://images.openfoodfacts.org/images/products/400/840/039/9324/front_en.76.400.jpg
IMG_9876.HEIC,EAN13,7622202228896,ok,,,,,
IMG_9878.HEIC,EAN13,7622201731854,ok,Жвачка,Жевательная резинка для сладкого перекуса.,02 BAR_SNACKS,,https://images.openfoodfacts.org/images/products/762/220/173/1854/front_en.3.400.jpg
IMG_9882.HEIC,EAN8,46103536,ok,,,,,
IMG_9884.HEIC,EAN8,46103550,ok,,,,,
IMG_9886.HEIC,EAN8,46103499,ok,,,,,
IMG_9888.HEIC,EAN8,46190369,ok,,,,,
IMG_9890.HEIC,EAN8,57027906,ok,,,,,
IMG_9892.HEIC,EAN8,46187857,ok,Дирол бабл,Жевательная резинка с ароматом бабл.,12 BAR_OTHER,Дирол,https://images.openfoodfacts.org/images/products/000/004/618/7857/front_ru.3.400.jpg
IMG_9894.HEIC,EAN8,57027913,ok,,,,,
IMG_9896.HEIC,EAN8,46103451,ok,,,,,
IMG_9898.HEIC,EAN8,46103536,ok,,,,,
IMG_9900.HEIC,EAN13,7622201429959,ok,Дирол 10 г,"Жевательная резинка Дирол, свежий вкус.",12 BAR_OTHER,Дирол,
IMG_9902.HEIC,EAN8,46103611,ok,Orbit жевательная резинка,Жевательная резинка Orbit с освежающим вкусом.,12 BAR_OTHER,Orbit,https://images.openfoodfacts.org/images/products/000/004/610/3611/front_az.9.400.jpg
IMG_9904.HEIC,EAN8,46187857,ok,Дирол бабл,Жевательная резинка с ароматом бабл.,12 BAR_OTHER,Дирол,https://images.openfoodfacts.org/images/products/000/004/618/7857/front_ru.3.400.jpg
IMG_9906.HEIC,EAN8,46078483,ok,,,,,
IMG_9910.HEIC,EAN13,7622202049439,ok,,,,,
IMG_9912.HEIC,EAN13,7622202049392,ok,Холс чёрный,Чёрный холс для различных нужд.,12 BAR_OTHER,,https://images.openfoodfacts.org/images/products/762/220/204/9392/front_ru.3.400.jpg
IMG_9914.HEIC,EAN8,46234964,ok,Chupa Chups XXL,Большие леденцы Chupa Chups с разнообразными вкусами.,02 BAR_SNACKS,Chupa Chups,https://images.openfoodfacts.org/images/products/000/004/623/4964/front_fr.3.400.jpg
IMG_9918.HEIC,EAN13,6939639500398,ok,,,,,
IMG_9922.HEIC,EAN13,3086120600044,ok,,,,,
IMG_9926.HEIC,EAN13,4870202670907,ok,,,,,
IMG_9928.HEIC,EAN13,4607103840142,ok,,,,,
IMG_9930.HEIC,DataBar,42939520579108,ok,,,,,
IMG_9932.HEIC,EAN13,8699478211036,ok,,,,,
IMG_9936.HEIC,EAN13,8801116052684,ok,,,,,
IMG_9938.HEIC,EAN13,8801116052707,ok,,,,,
IMG_9940.HEIC,EAN13,8801116043316,ok,,,,,
IMG_9942.HEIC,EAN13,8801116034215,ok,,,,,
IMG_9946.HEIC,EAN13,8801116037841,ok,,,,,
IMG_9948.HEIC,EAN13,8801116034277,ok,,,,,
IMG_9950.HEIC,EAN13,8801116046843,ok,,,,,
IMG_9958.HEIC,EAN13,4640030091225,ok,,,,,
IMG_9960.HEIC,EAN13,4640030091188,ok,,,,,
IMG_9964.HEIC,EAN13,4640030091300,ok,,,,,
IMG_9966.HEIC,EAN13,4640030091201,ok,,,,,
IMG_9968.HEIC,EAN13,4640030093380,ok,,,,,
IMG_9970.HEIC,EAN13,4640030093175,ok,,,,,
IMG_9972.HEIC,EAN13,4640030093717,ok,,,,,
IMG_9980.HEIC,EAN13,4640030092147,ok,,,,,
IMG_9982.HEIC,EAN13,4870252870487,ok,,,,,
IMG_9984.HEIC,EAN13,4640030092192,ok,,,,,
IMG_9988.HEIC,EAN13,8801116037131,ok,,,,,
IMG_9990.HEIC,EAN13,8801116037100,ok,,,,,
IMG_9992.HEIC,EAN13,4006396046499,ok,,,,,
IMG_9994.HEIC,EAN13,4006396046529,ok,,,,,
IMG_9996.HEIC,EAN13,4006396058195,ok,,,,,
IMG_9998.HEIC,EAN13,4006396046192,ok,,,,,
IMG_9753.HEIC,EAN13,4014400930702,ok,Целые миндали в молочном шоколаде 100г,"Целые миндали, покрытые молочным шоколадом.",02 BAR_SNACKS,Storck,https://images.openfoodfacts.org/images/products/401/440/093/0702/front_de.16.400.jpg
